underlying_symbol,quote_date,root,expiration,strike,option_type,open,high,low,close,trade_volume,bid_size_1545,bid_1545,ask_size_1545,ask_1545,underlying_bid_1545,underlying_ask_1545,bid_size_eod,bid_eod,ask_size_eod,ask_eod,underlying_bid_eod,underlying_ask_eod,vwap,open_interest,delivery_code
^XSP,8/1/2006,JGA,8/19/2006,125,c,0,0,0,0,0,1579,2.15,1573,2.4,127.1,127.1,1579,2.15,1554,2.4,127.1,127.1,0,0,0
^XSP,8/1/2006,JGA,8/19/2006,125,p,0.25,0.25,0.25,0.25,10,1642,0.1,64,0.2,127.1,127.1,1642,0.1,64,0.2,127.1,127.1,0.25,1015,0
^XSP,8/1/2006,JGA,8/19/2006,126,c,0,0,0,0,0,1376,1.35,1501,1.55,127.1,127.1,79,1.4,1396,1.55,127.1,127.1,0,0,0
^XSP,8/1/2006,JGA,8/19/2006,126,p,0.4,0.45,0.4,0.45,20,3654,0.25,3225,0.4,127.1,127.1,1654,0.25,1280,0.4,127.1,127.1,0.42,0,0
