Date,Open,High,Low,Close,Adj Close,TotalVolume
5/18/2012,42.05,45,38,38.23,,580587712
5/21/2012,36.53,36.66,33,34.03,,168309824
5/22/2012,32.61,33.59,30.94,31,,102053824
5/23/2012,31.37,32.5,31.36,32,,73721136
5/24/2012,32.95,33.21,31.77,33.03,,50275880
5/25/2012,32.9,32.95,31.11,31.91,,37189632
5/29/2012,31.48,31.69,28.65,28.84,,78060800
5/30/2012,28.69,29.55,27.86,28.19,,57267868
5/31/2012,28.55,29.67,26.83,29.6,,111639200
6/1/2012,28.89,29.15,27.39,27.72,,41855500
6/4/2012,27.2,27.65,26.44,26.9,,35230288
6/5/2012,26.7,27.76,25.75,25.87,,42473264
6/6/2012,26.07,27.17,25.52,26.81,,61487020
6/7/2012,27,27.35,26.15,26.31,,26167756
6/8/2012,26.55,27.76,26.44,27.1,,38033420
6/11/2012,27.18,28.07,26.83,27,,28225888
6/12/2012,27.48,27.77,26.96,27.4,,15822414
6/13/2012,27.66,28.1,27.1,27.27,,17118672
6/14/2012,27.65,28.32,27.38,28.29,,16854124
6/15/2012,28.5,30.1,28.35,30.01,,43563740
6/18/2012,29.95,32.08,29.41,31.41,,42978208
6/19/2012,31.53,32.18,30.7,31.91,,30848912
6/20/2012,31.92,31.93,31.15,31.6,,15558921
6/21/2012,31.67,32.5,31.51,31.84,,21875228
6/22/2012,32.41,33.45,32.06,33.05,,74833976
6/25/2012,32.86,33.02,31.55,32.06,,24352818
6/26/2012,32.69,33.44,32.5,33.1,,24858612
6/27/2012,32.46,32.9,31.9,32.23,,28599506
6/28/2012,31.96,32.19,30.9,31.36,,17713292
6/29/2012,31.92,31.99,30.76,31.09,,19526824
7/2/2012,31.25,31.73,30.55,30.77,,14131476
7/3/2012,30.91,31.44,30.8,31.2,,8765498
7/5/2012,31.32,31.63,31.02,31.47,,10036688
7/6/2012,31.44,31.9,31.26,31.73,,10949006
7/9/2012,32.1,32.88,31.99,32.17,,17785180
7/10/2012,32.43,32.48,31.16,31.47,,14276996
7/11/2012,31.48,31.56,30.55,30.97,,13027752
7/12/2012,30.7,31.4,30.6,30.81,,11306636
7/13/2012,31.04,31.07,30.56,30.72,,8117346
7/16/2012,30.5,30.5,28.21,28.25,,24672074
7/17/2012,28.48,28.59,27.15,28.09,,30438552
7/18/2012,28.31,29.29,28.15,29.11,,16841780
7/19/2012,29.41,29.5,28.63,29,,13685031
7/20/2012,29,29.47,28.72,28.76,,11869046
7/23/2012,28.12,29,28.01,28.75,,12393864
7/24/2012,28.82,29.45,28.1,28.45,,11539799
7/25/2012,28.39,29.49,28.08,29.34,,17230154
7/26/2012,27.75,28.23,26.73,26.84,,64597376
7/27/2012,23.19,24.54,22.28,23.7,,123098336
7/30/2012,24,24.04,23.03,23.15,,29285896
7/31/2012,23.37,23.37,21.61,21.71,,56179320
8/1/2012,21.5,21.58,20.84,20.88,,44604364
8/2/2012,20.77,20.84,19.82,20.04,,56374436
8/3/2012,20.36,22.16,19.9,21.09,,80646976
8/6/2012,21.39,22.15,21.3,21.92,,27778038
8/7/2012,22.2,22.45,20.5,20.72,,36782828
8/8/2012,20.71,21.15,20.22,20.72,,29537376
8/9/2012,20.75,21.17,20.61,21.01,,15618515
8/10/2012,21.41,21.82,21.13,21.81,,25794672
8/13/2012,22.15,22.45,21.4,21.6,,24972972
8/14/2012,21.41,21.6,20.25,20.38,,39308632
8/15/2012,20.64,21.41,20.4,21.2,,47860768
8/16/2012,20.44,20.48,19.69,19.87,,157554944
8/17/2012,20,20.08,19,19.05,,129293344
8/20/2012,19.05,20.13,18.75,20.01,,101186528
8/21/2012,19.58,19.98,19.09,19.16,,70640464
8/22/2012,19.36,19.53,18.96,19.44,,49892128
8/23/2012,19.5,19.73,19.36,19.44,,32813310
8/24/2012,19.52,19.68,19.25,19.41,,29622156
8/27/2012,19.49,19.53,19.1,19.15,,20703908
8/28/2012,19.1,19.38,18.95,19.34,,25425786
8/29/2012,19.32,19.38,19.07,19.1,,16124625
8/30/2012,19.27,19.45,19.06,19.09,,30647472
8/31/2012,18.68,18.7,18.03,18.06,,58764168
9/4/2012,18.08,18.27,17.55,17.73,,46622352
9/5/2012,18.27,18.75,18.18,18.58,,60781720
9/6/2012,18.74,19.26,18.72,18.96,,46066348
9/7/2012,19.1,19.42,18.78,18.98,,36371696
9/10/2012,19.06,19.2,18.55,18.81,,24797642
9/11/2012,18.92,19.58,18.85,19.43,,50508128
9/12/2012,20.76,21.16,20.28,20.93,,121584000
9/13/2012,20.95,21.48,20.61,20.71,,65041524
9/14/2012,21.13,22.08,20.9,22,,72819640
9/17/2012,22.67,22.75,21.5,21.52,,50666448
9/18/2012,21.6,21.98,21.37,21.87,,36760448
9/19/2012,21.99,23.37,21.77,23.29,,78782784
9/20/2012,23.02,23.24,22.54,22.59,,57248664
9/21/2012,22.97,23.24,22.6,22.86,,51218096
9/24/2012,21.78,21.98,20.36,20.79,,79105120
9/25/2012,21.2,21.21,20.22,20.28,,46291656
9/26/2012,20.15,20.78,19.8,20.62,,38271880
9/27/2012,20.99,21,20.16,20.32,,30215820
9/28/2012,20.57,21.95,20.5,21.66,,65485920
10/1/2012,22.08,22.59,21.73,21.99,,51262680
10/2/2012,22.08,22.49,21.82,22.27,,29341392
10/3/2012,22.3,22.49,21.8,21.83,,32000080
10/4/2012,22.32,22.4,21.41,21.95,,46894596
10/5/2012,21.49,21.63,20.88,20.91,,40529224
10/8/2012,20.4,20.75,20.16,20.4,,32236628
10/9/2012,20.39,20.55,19.97,20.23,,27161736
10/10/2012,19.93,19.94,19.45,19.64,,39321760
10/11/2012,19.88,19.96,19.61,19.75,,21817228
10/12/2012,19.75,19.8,19.48,19.52,,18809396
10/15/2012,19.68,19.88,19.49,19.52,,20189668
10/16/2012,19.68,19.69,19.3,19.48,,21834688
10/17/2012,19.5,20.48,19.37,19.88,,44074432
10/18/2012,19.7,19.79,18.89,18.98,,52157368
10/19/2012,19,19.06,18.8,19,,34834948
10/22/2012,19.2,19.43,19.05,19.32,,32447004
10/23/2012,19.25,19.8,19.1,19.5,,78381104
10/24/2012,24.13,24.25,22.85,23.23,,228949136
10/25/2012,23.29,23.31,22.47,22.56,,76141920
10/26/2012,22.4,22.88,21.88,21.94,,73259520
10/31/2012,20.82,21.5,20.73,21.11,,99378184
11/1/2012,21.08,21.44,21.01,21.21,,37713888
11/2/2012,21.26,21.69,21.07,21.18,,38344332
11/5/2012,21.1,21.48,20.92,21.25,,31806692
11/6/2012,21.24,21.37,20.99,21.17,,29062642
11/7/2012,20.85,20.95,20.37,20.47,,33396732
11/8/2012,20.52,20.73,19.98,19.99,,34254536
11/9/2012,19.95,20,19.13,19.21,,42295432
11/12/2012,19.15,20.17,18.87,20.07,,67349112
11/13/2012,19.6,20.11,19.56,19.86,,71775072
11/14/2012,20.1,22.5,19.93,22.36,,229750912
11/15/2012,22.34,22.5,21.65,22.17,,78857408
11/16/2012,22.25,23.93,22.18,23.56,,107182168
11/19/2012,23.95,24.12,22.82,22.92,,85021256
11/20/2012,22.73,23.9,22.7,23.1,,46655292
11/21/2012,23.22,24.53,23.05,24.32,,89862344
11/23/2012,24.58,24.68,23.88,24,,29520312
11/26/2012,24.93,26.09,24.81,25.94,,123862048
11/27/2012,26.04,26.5,25.46,26.15,,85760072
11/28/2012,25.94,26.49,25.75,26.36,,49205508
11/29/2012,26.5,27.52,26.16,27.32,,88759064
11/30/2012,27.26,28,26.76,28,,127049544
12/3/2012,28,28.88,26.98,27.04,,123525096
12/4/2012,27.06,27.76,26.68,27.46,,72912720
12/5/2012,27.75,27.9,27.26,27.71,,58974840
12/6/2012,27.68,27.75,26.82,26.97,,46001492
12/7/2012,27.07,27.78,26.84,27.49,,51751808
12/10/2012,27.17,28.17,27.1,27.84,,50608464
12/11/2012,28.07,28.24,27.66,27.98,,77099032
12/12/2012,28,28.14,27.37,27.58,,46704200
12/13/2012,27.59,28.75,27.43,28.24,,81051552
12/14/2012,28.18,28.33,26.76,26.81,,91631544
12/17/2012,26.77,27,26.32,26.75,,57742404
12/18/2012,26.96,27.91,26.9,27.71,,60512872
12/19/2012,27.83,28.22,26.95,27.41,,61390120
12/20/2012,27.49,27.6,27.13,27.36,,35574784
12/21/2012,26.66,27.01,26.12,26.26,,54555184
12/24/2012,26.5,26.96,26.2,26.93,,28230036
12/26/2012,27.03,27.18,26.38,26.51,,33175320
12/27/2012,26.55,26.8,25.52,26.05,,43481680
12/28/2012,25.48,26.11,25.15,25.91,,56574796
12/31/2012,26.2,26.99,26.11,26.62,,60374424
1/2/2013,27.44,28.18,27.42,28,,69844976
1/3/2013,27.88,28.47,27.59,27.77,,63140528
1/4/2013,28.01,28.93,27.83,28.76,,72715352
1/7/2013,28.69,29.79,28.65,29.42,,83781728
1/8/2013,29.51,29.6,28.86,29.06,,45870932
1/9/2013,29.67,30.6,29.49,30.59,,104787656
1/10/2013,30.6,31.45,30.28,31.3,,95316368
1/11/2013,31.28,31.96,31.1,31.72,,89597984
1/14/2013,32.08,32.21,30.62,30.95,,98886856
1/15/2013,30.64,31.71,29.88,30.1,,173242352
1/16/2013,30.21,30.35,29.53,29.85,,75332648
1/17/2013,30.08,30.42,30.03,30.14,,40256608
1/18/2013,30.31,30.44,29.27,29.66,,49631496
1/22/2013,29.75,30.89,29.74,30.73,,55243212
1/23/2013,31.1,31.5,30.8,30.82,,48899740
1/24/2013,31.27,31.49,30.81,31.08,,43845048
1/25/2013,31.41,31.93,31.13,31.54,,54363552
1/28/2013,31.88,32.51,31.81,32.47,,59681408
1/29/2013,32,32.07,30.71,30.79,,72976496
1/30/2013,30.98,31.49,30.88,31.24,,87682080
1/31/2013,29.15,31.47,28.74,30.98,,190743616
2/1/2013,31.01,31.02,29.63,29.73,,85856664
2/4/2013,29.06,29.2,28.01,28.11,,92362184
2/5/2013,28.26,28.96,28.04,28.64,,47948192
2/6/2013,28.74,29.29,28.66,29.05,,38375744
2/7/2013,29.11,29.15,28.27,28.65,,34540016
2/8/2013,28.89,29.17,28.51,28.55,,37708728
2/11/2013,28.61,28.68,28.04,28.26,,37361744
2/12/2013,27.67,28.16,27.1,27.37,,93495632
2/13/2013,27.36,28.32,27.31,27.91,,50163960
2/14/2013,28.02,28.63,28.01,28.5,,35618412
2/15/2013,28.52,28.75,28.09,28.32,,33109104
2/19/2013,28.23,29.08,28.12,28.93,,49411548
2/20/2013,28.92,29.05,28.33,28.46,,42098120
2/21/2013,28.28,28.55,27.15,27.28,,49647672
2/22/2013,27.62,27.63,26.82,27.13,,36350148
2/25/2013,27.16,27.64,27.15,27.27,,34651984
2/26/2013,27.36,27.46,26.7,27.39,,31611642
2/27/2013,27.34,27.34,26.63,26.87,,44319628
2/28/2013,26.84,27.3,26.34,27.25,,83027720
3/1/2013,27.05,28.12,26.81,27.78,,54064732
3/4/2013,27.76,28.06,27.44,27.72,,32400644
3/5/2013,27.88,28.18,27.21,27.52,,40622188
3/6/2013,28.1,28.13,27.35,27.45,,33532526
3/7/2013,27.57,28.67,27.47,28.58,,74540112
3/8/2013,28.42,28.47,27.73,27.96,,44198840
3/11/2013,28.01,28.64,27.83,28.14,,35642056
3/12/2013,28.1,28.32,27.6,27.83,,27569590
3/13/2013,27.62,27.65,26.92,27.08,,39619444
3/14/2013,27.1,27.43,26.83,27.04,,27646380
3/15/2013,27.03,27.06,26.56,26.65,,31597364
3/18/2013,26.37,26.79,25.78,26.49,,26653640
3/19/2013,26.53,26.9,26.21,26.55,,25254152
3/20/2013,26.68,26.69,25.78,25.86,,44006432
3/21/2013,25.66,26.11,25.56,25.74,,24336012
3/22/2013,25.8,26.01,25.63,25.73,,18456268
3/25/2013,25.75,25.8,25.08,25.13,,39198948
3/26/2013,25.08,25.48,25.03,25.2,,26957136
3/27/2013,25,26.28,24.72,26.09,,52297328
3/28/2013,26.09,26.17,25.52,25.58,,28585612
4/1/2013,25.63,25.89,25.28,25.53,,22249212
4/2/2013,25.77,26.12,25.3,25.42,,35153292
4/3/2013,25.83,26.39,25.7,26.25,,48195120
4/4/2013,26.62,27.23,26.11,27.07,,82016744
4/5/2013,26.86,27.8,26.61,27.39,,64566512
4/8/2013,27.19,27.2,26.63,26.85,,27255982
4/9/2013,26.58,26.89,26.42,26.59,,21311012
4/10/2013,27.01,27.84,26.9,27.57,,45949360
4/11/2013,27.48,28.1,27.25,28.02,,33368462
4/12/2013,28,28,27.24,27.4,,28697400
4/15/2013,27.16,27.48,26.36,26.52,,30275356
4/16/2013,26.81,27.11,26.4,26.92,,27396392
4/17/2013,26.65,27.2,26.39,26.63,,26440536
4/18/2013,26.82,26.82,25.15,25.69,,39058904
4/19/2013,25.62,25.96,25.33,25.73,,20380862
4/22/2013,25.81,26.36,25.7,25.97,,25687548
4/23/2013,26.22,26.33,25.77,25.98,,25191468
4/24/2013,25.93,26.4,25.8,26.11,,19729808
4/25/2013,26.07,26.4,26,26.14,,17149964
4/26/2013,26.6,27.62,26.6,26.85,,33017958
4/29/2013,27.16,27.41,26.86,26.98,,29201070
4/30/2013,27.13,27.85,27,27.77,,36245632
5/1/2013,27.85,27.92,27.31,27.43,,64567592
5/2/2013,28.01,29.02,27.98,28.97,,104256920
5/3/2013,29.04,29.07,28.15,28.31,,58506376
5/6/2013,28.33,28.46,27.48,27.57,,43939308
5/7/2013,27.55,27.85,26.85,26.89,,41259084
5/8/2013,26.88,27.3,26.65,27.12,,34654852
5/9/2013,27.08,27.55,26.85,27.04,,33457150
5/10/2013,27.14,27.3,26.57,26.68,,30847022
5/13/2013,26.6,27.33,26.53,26.82,,29068764
5/14/2013,26.89,27.28,26.82,27.07,,24930208
5/15/2013,26.92,26.99,26.4,26.6,,30299760
5/16/2013,26.48,26.55,25.9,26.13,,35506976
5/17/2013,26.4,26.6,26.2,26.25,,29462604
5/20/2013,26.18,26.19,25.69,25.76,,42402872
5/21/2013,25.87,26.08,25.59,25.66,,26261210
5/22/2013,25.65,25.85,24.92,25.16,,45314476
5/23/2013,24.8,25.53,24.77,25.06,,37697200
5/24/2013,24.97,24.97,24.08,24.31,,58727880
5/28/2013,24.54,24.54,23.92,24.1,,50079640
5/29/2013,23.79,23.81,23.26,23.32,,64237704
5/30/2013,24.13,24.78,23.93,24.55,,60733120
5/31/2013,24.63,24.95,24.27,24.35,,35924916
6/3/2013,24.26,24.32,23.71,23.85,,35733796
6/4/2013,23.89,23.93,23.32,23.52,,34808996
6/5/2013,23.35,23.7,22.79,22.9,,53819644
6/6/2013,22.99,23.09,22.67,22.97,,31260660
6/7/2013,23.03,23.4,22.86,23.29,,38699124
6/10/2013,24.06,24.6,23.99,24.33,,58392984
6/11/2013,24.03,24.35,24,24.03,,29885808
6/12/2013,24.16,24.26,23.58,23.77,,26445790
6/13/2013,23.72,23.83,23.26,23.73,,31189248
6/14/2013,23.56,23.89,23.26,23.63,,30677066
6/17/2013,23.91,24.25,23.75,24.02,,33664420
6/18/2013,24.09,24.69,24.08,24.21,,36709004
6/19/2013,24.2,25.19,24.1,24.31,,31790524
6/20/2013,24.28,24.75,23.65,23.9,,42765584
6/21/2013,24.59,24.7,24.05,24.53,,45833816
6/24/2013,23.95,24.11,23.38,23.93,,40625948
6/25/2013,24.14,24.43,24.04,24.25,,24719988
6/26/2013,24.51,24.65,23.99,24.16,,29890204
6/27/2013,24.24,24.84,24.21,24.66,,34694012
6/28/2013,24.68,24.98,24.42,24.88,,96778880
7/1/2013,24.97,25.06,24.62,24.81,,20582196
7/2/2013,24.7,24.77,24.3,24.41,,18394008
7/3/2013,24.22,24.71,24.15,24.52,,10404332
7/5/2013,24.65,24.66,24.2,24.37,,20229452
7/8/2013,24.47,25.04,24.42,24.71,,27073984
7/9/2013,25.07,25.49,25.03,25.48,,30387888
7/10/2013,25.58,25.83,25.47,25.8,,26721794
7/11/2013,25.96,26,25.45,25.81,,26777354
7/12/2013,25.74,25.93,25.55,25.91,,16537840
7/15/2013,25.93,26.43,25.65,26.28,,24233956
7/16/2013,26.39,26.75,26.01,26.32,,30817554
7/17/2013,26.37,26.78,26.3,26.65,,21518464
7/18/2013,26.75,26.77,26.12,26.18,,24806824
7/19/2013,25.82,26.11,25.6,25.88,,46544936
7/22/2013,25.99,26.13,25.72,26.05,,27526212
7/23/2013,26.1,26.3,25.97,26.13,,28221534
7/24/2013,26.32,26.53,26.05,26.51,,82635584
7/25/2013,33.54,34.88,32.75,34.36,,365935200
7/26/2013,33.77,34.73,33.56,34.01,,136028896
7/29/2013,34.07,35.63,34.01,35.43,,124884872
7/30/2013,35.65,37.96,35.32,37.63,,173582704
7/31/2013,37.96,38.31,36.33,36.8,,154828672
8/1/2013,37.3,38.29,36.92,37.49,,106066472
8/2/2013,37.66,38.49,37.5,38.05,,73058424
8/5/2013,38.43,39.32,38.25,39.19,,79994776
8/6/2013,39.11,39.25,37.94,38.55,,63950792
8/7/2013,38.61,38.94,37.7,38.87,,68854768
8/8/2013,39.13,39.19,38.43,38.54,,41300904
8/9/2013,38.59,38.74,38.01,38.5,,43620024
8/12/2013,38.2,38.5,38.1,38.22,,31160952
8/13/2013,38.24,38.32,36.77,37.02,,65379200
8/14/2013,36.83,37.55,36.62,36.65,,48423888
8/15/2013,36.36,37.07,36.02,36.56,,56521096
8/16/2013,36.97,37.49,36.9,37.08,,45840712
8/19/2013,37.43,38.28,37.14,37.81,,57609592
8/20/2013,38.35,38.58,37.69,38.41,,57995140
8/21/2013,38.38,38.85,38.15,38.32,,46116868
8/22/2013,38.37,38.75,38.34,38.55,,21931164
8/23/2013,39,40.63,38.93,40.55,,86442280
8/26/2013,40.9,41.94,40.62,41.34,,94162360
8/27/2013,40.68,41.2,39.42,39.64,,72695048
8/28/2013,39.96,40.85,39.88,40.55,,57918192
8/29/2013,40.89,41.78,40.8,41.28,,58303396
8/30/2013,42.03,42.26,41.06,41.29,,67735056
9/3/2013,41.84,42.17,41.51,41.87,,48774896
9/4/2013,42.01,42.17,41.44,41.78,,42581856
9/5/2013,41.79,42.76,41.77,42.66,,50035380
9/6/2013,43.09,44.61,42.4,43.95,,117535624
9/9/2013,44.36,44.79,43.7,44.04,,75794696
9/10/2013,44.24,44.26,43.23,43.6,,54540280
9/11/2013,43.39,45.09,43.11,45.04,,72328248
9/12/2013,45.53,45.62,44.65,44.75,,68072240
9/13/2013,45.04,45.08,43.93,44.31,,52765300
9/16/2013,44.85,44.94,42.43,42.51,,70807760
9/17/2013,42.5,45.44,42.43,45.07,,91934560
9/18/2013,44.84,45.47,44.4,45.23,,79316944
9/19/2013,45.51,46.05,45.23,45.98,,63972368
9/20/2013,46.32,47.6,45.74,47.49,,115508400
9/23/2013,47.28,47.55,46.29,47.19,,75319200
9/24/2013,48.51,49.66,48.16,48.45,,136716096
9/25/2013,49.23,49.54,48.46,49.46,,87879616
9/26/2013,50.01,50.6,49.5,50.39,,98220048
9/27/2013,50.29,51.28,49.86,51.24,,81410464
9/30/2013,50.14,51.6,49.8,50.23,,100095416
10/1/2013,49.97,51.03,49.45,50.42,,98113696
10/2/2013,50.13,51.1,49.95,50.28,,62834428
10/3/2013,50.47,50.72,49.06,49.18,,82045320
10/4/2013,49.77,51.16,49.57,51.04,,74446944
10/7/2013,50.73,51.29,50.4,50.51,,57203956
10/8/2013,50.6,50.6,47.08,47.14,,136081328
10/9/2013,47.38,47.84,45.26,46.77,,147296864
10/10/2013,47.87,49.68,47.83,49.05,,99773784
10/11/2013,49.18,49.87,48.79,49.11,,58428452
10/14/2013,48.31,49.63,47.91,49.51,,68780552
10/15/2013,49.99,51,49.18,49.5,,81166568
10/16/2013,50.04,51.24,49.9,51.13,,64678248
10/17/2013,51.12,52.22,50.95,52.21,,71521896
10/18/2013,54.18,54.83,53.6,54.22,,88260096
10/21/2013,54.68,54.81,53.51,53.85,,58235284
10/22/2013,54.33,54.76,52.2,52.67,,83203888
10/23/2013,51.75,52.25,51.13,51.9,,57207152
10/24/2013,52.38,52.84,51.59,52.44,,46775184
10/25/2013,53.18,53.24,51.88,51.95,,45085348
10/28/2013,51.54,51.7,49.61,50.23,,73472344
10/29/2013,50.73,50.79,49.25,49.4,,102143472
10/30/2013,50,50.21,48.75,49.01,,127072656
10/31/2013,47.15,52,46.5,50.21,,248809008
11/1/2013,50.85,52.09,49.72,49.75,,95032880
11/4/2013,49.37,49.75,48.02,48.22,,80371216
11/5/2013,47.79,50.18,47.51,50.1,,76835008
11/6/2013,50.26,50.45,48.71,49.12,,67889336
11/7/2013,49.24,49.87,47.3,47.56,,97127616
11/8/2013,47.81,48.65,47.25,47.53,,70731176
11/11/2013,47.04,47.53,45.73,46.2,,80909624
11/12/2013,46,47.37,45.83,46.6,,68195832
11/13/2013,46.23,48.74,46.06,48.71,,79245344
11/14/2013,48.7,49.57,48.03,48.99,,75117048
11/15/2013,49.11,49.48,48.71,49.01,,42452936
11/18/2013,48.47,48.84,45.8,45.83,,85909888
11/19/2013,46.26,47,45.72,46.36,,75602416
11/20/2013,46.61,47.55,46.31,46.43,,53932696
11/21/2013,46.99,47.46,46.69,46.7,,34886168
11/22/2013,47.04,47.27,45.96,46.23,,40545376
11/25/2013,46.36,46.65,44.04,44.82,,82565328
11/26/2013,44.66,46.17,43.55,45.89,,82016488
11/27/2013,45.97,46.67,45.53,46.49,,44993196
11/29/2013,46.75,47.21,46.5,47.01,,22953916
12/2/2013,46.9,47.54,46.26,47.06,,50773648
12/3/2013,46.75,47.2,46.29,46.73,,32085904
12/4/2013,46.46,48.77,46.26,48.62,,60890176
12/5/2013,48.15,48.7,47.87,48.34,,43855036
12/6/2013,48.98,49.39,47.71,47.94,,42937660
12/9/2013,48.09,48.97,47.74,48.84,,36055892
12/10/2013,48.64,50.77,48.54,50.24,,68478560
12/11/2013,50.55,50.77,49.01,49.38,,65776368
12/12/2013,51.04,52.07,50.66,51.83,,92723032
12/13/2013,51.66,53.5,51.34,53.32,,82640992
12/16/2013,53.25,54.5,52.91,53.81,,85118520
12/17/2013,54.76,55.18,54.24,54.86,,78751464
12/18/2013,54.86,55.89,53.75,55.57,,76003480
12/19/2013,54.33,55.19,53.95,55.05,,89825392
12/20/2013,54.93,55.15,54.23,55.12,,239823904
12/23/2013,55.5,58.32,55.45,57.77,,98296984
12/24/2013,58.27,58.58,56.91,57.96,,46617752
12/26/2013,58.32,58.38,57.37,57.73,,55101368
12/27/2013,57.48,57.68,55.25,55.44,,60465752
12/30/2013,54.93,55.18,53.43,53.71,,68307320
12/31/2013,54.12,54.86,53.91,54.65,,43152128
1/2/2014,54.83,55.22,54.19,54.71,,43257624
1/3/2014,55.02,55.65,54.53,54.56,,38287704
1/6/2014,54.42,57.26,54.05,57.2,,68974360
1/7/2014,57.7,58.55,57.22,57.92,,77329008
1/8/2014,57.6,58.41,57.23,58.23,,56800776
1/9/2014,58.65,58.96,56.65,57.22,,92349224
1/10/2014,57.13,58.3,57.06,57.94,,42529256
1/13/2014,57.91,58.25,55.38,55.91,,63106520
1/14/2014,56.46,57.78,56.1,57.74,,37590988
1/15/2014,57.98,58.57,57.27,57.6,,33730620
1/16/2014,57.26,58.02,56.83,57.19,,34599776
1/17/2014,57.3,57.82,56.07,56.3,,40883204
1/21/2014,56.6,58.58,56.5,58.51,,48734148
1/22/2014,58.85,59.31,57.1,57.51,,61495880
1/23/2014,56.37,56.68,55.69,56.63,,47996404
1/24/2014,56.15,56.42,54.4,54.45,,55545336
1/27/2014,54.73,54.94,51.85,53.55,,74142328
1/28/2014,54.02,55.28,54,55.14,,48365000
1/29/2014,54.61,54.95,53.19,53.53,,98089936
1/30/2014,62.12,62.5,60.46,61.08,,150438704
1/31/2014,60.47,63.37,60.17,62.57,,87930296
2/3/2014,63.03,63.77,60.7,61.48,,75105992
2/4/2014,62.05,63.14,61.82,62.75,,46064896
2/5/2014,62.74,63.16,61.27,62.19,,53032420
2/6/2014,61.46,62.78,61.46,62.16,,42153752
2/7/2014,62.27,64.57,62.22,64.32,,60835744
2/10/2014,64.3,64.49,63.47,63.55,,43736560
2/11/2014,63.75,65,63.35,64.85,,45746832
2/12/2014,64.92,65.06,64.05,64.45,,47409856
2/13/2014,64.18,67.33,64.05,67.33,,62013396
2/14/2014,67.5,67.58,66.72,67.09,,36786428
2/18/2014,66.94,67.54,66.07,67.3,,43862296
2/19/2014,67.05,69.08,67,68.06,,64258632
2/20/2014,67.73,70.11,65.73,69.63,,131043744
2/21/2014,69.69,69.96,68.45,68.59,,70991888
2/24/2014,68.74,71.44,68.54,70.78,,76951944
2/25/2014,70.95,71,69.45,69.85,,52189032
2/26/2014,70.19,71.22,68.85,69.26,,55400400
2/27/2014,69.34,70.01,68.87,68.94,,41695856
2/28/2014,69.47,69.88,67.38,68.46,,66900864
3/3/2014,66.96,68.05,66.51,67.41,,56900444
3/4/2014,68.66,68.9,67.62,68.8,,42164224
3/5/2014,69.69,71.97,69.62,71.57,,74649488
3/6/2014,71.88,71.89,70.25,70.84,,46126260
3/7/2014,71.08,71.18,69.47,69.8,,38985764
3/10/2014,70.77,72.15,70.51,72.03,,59949744
3/11/2014,72.5,72.59,69.96,70.1,,59615240
3/12/2014,69.86,71.35,69,70.88,,46400432
3/13/2014,71.29,71.35,68.15,68.83,,57091156
3/14/2014,68.49,69.43,67.46,67.72,,48226824
3/17/2014,68.18,68.95,66.62,68.74,,52196700
3/18/2014,68.76,69.6,68.3,69.19,,40827224
3/19/2014,69.17,69.29,67.46,68.24,,43980560
3/20/2014,68.01,68.23,66.82,66.97,,44438500
3/21/2014,67.53,67.92,66.18,67.24,,60041228
3/24/2014,67.19,67.36,63.36,64.1,,85695872
3/25/2014,64.89,66.19,63.78,64.89,,68785504
3/26/2014,64.74,64.95,60.37,60.38,,97689776
3/27/2014,60.51,61.9,57.98,60.97,,112649696
3/28/2014,61.34,61.95,59.33,60.01,,67051528
3/31/2014,60.78,61.52,59.87,60.24,,53011204
4/1/2014,60.46,62.66,60.24,62.62,,59291208
4/2/2014,63.21,63.91,62.21,62.72,,66276612
4/3/2014,62.55,63.17,59.13,59.49,,83859328
4/4/2014,59.94,60.2,56.32,56.75,,125465776
4/7/2014,55.9,58,55.44,56.95,,108487568
4/8/2014,57.68,58.71,57.17,58.19,,78835936
4/9/2014,59.63,62.46,59.19,62.41,,100215304
4/10/2014,63.08,63.18,58.68,59.16,,114987616
4/11/2014,57.6,60.31,57.31,58.53,,91451960
4/14/2014,60.09,60.45,57.78,58.89,,72324600
4/15/2014,59.29,59.68,55.88,59.09,,108622704
4/16/2014,59.79,60.19,57.74,59.72,,78773520
4/17/2014,59.3,60.58,58.72,58.94,,88040344
4/21/2014,59.46,61.24,59.15,61.24,,60363620
4/22/2014,62.65,63.44,62.22,63.03,,60631312
4/23/2014,63.45,63.48,61.26,61.36,,96564752
4/24/2014,63.6,63.65,59.77,60.87,,138769344
4/25/2014,59.97,60.01,57.57,57.71,,92501528
4/28/2014,58.05,58.31,54.66,56.14,,107757760
4/29/2014,56.09,58.28,55.84,58.15,,75557200
4/30/2014,57.58,59.85,57.16,59.78,,76093008
5/1/2014,60.43,62.28,60.21,61.15,,82428608
5/2/2014,61.3,61.89,60.18,60.46,,54189196
5/5/2014,59.67,61.35,59.18,61.22,,46057412
5/6/2014,60.98,61.15,58.49,58.53,,55900808
5/7/2014,58.77,59.3,56.26,57.39,,78587248
5/8/2014,57.23,58.82,56.5,56.76,,61251052
5/9/2014,56.85,57.65,56.38,57.24,,52583856
5/12/2014,57.98,59.9,57.98,59.83,,48575488
5/13/2014,59.66,60.89,59.51,59.83,,48525476
5/14/2014,59.53,60.45,58.95,59.23,,47428584
5/15/2014,59.26,59.38,57.52,57.92,,56813940
5/16/2014,58.31,58.45,57.31,58.02,,47933076
5/19/2014,57.89,59.56,57.57,59.21,,43033924
5/20/2014,59.5,60.19,58.18,58.56,,53931468
5/21/2014,58.56,60.5,58.25,60.49,,58991504
5/22/2014,60.94,61.48,60.4,60.52,,54200116
5/23/2014,60.41,61.45,60.15,61.35,,38293992
5/27/2014,61.62,63.51,61.57,63.48,,55681664
5/28/2014,63.39,64.14,62.62,63.51,,47795088
5/29/2014,63.84,64.3,63.51,63.83,,42699672
5/30/2014,63.95,64.17,62.56,63.3,,45283576
6/2/2014,63.23,63.59,62.05,63.08,,35995536
6/3/2014,62.62,63.42,62.32,62.87,,32216708
6/4/2014,62.45,63.59,62.07,63.34,,36513992
6/5/2014,63.66,64.36,62.82,63.19,,47352368
6/6/2014,63.37,63.48,62.15,62.5,,42442096
6/9/2014,62.4,63.34,61.79,62.88,,37617412
6/10/2014,63.53,65.82,63.5,65.77,,69338144
6/11/2014,65.32,65.8,64.9,65.78,,44241928
6/12/2014,65.85,66.47,64.06,64.29,,55729828
6/13/2014,64.7,64.97,63.83,64.5,,29418910
6/16/2014,64.16,64.88,63.75,64.19,,31045812
6/17/2014,64.1,64.88,63.93,64.4,,27714816
6/18/2014,64.49,65.75,64.05,65.6,,35570152
6/19/2014,65.46,65.58,64.21,64.34,,34245184
6/20/2014,64.46,64.81,63.35,64.5,,46466072
6/23/2014,64.32,65.66,64.22,65.37,,34560120
6/24/2014,65.36,67.17,65.27,65.72,,57334868
6/25/2014,65.58,67.48,65.57,67.44,,44308248
6/26/2014,68,68,66.9,67.13,,47713944
6/27/2014,67.31,67.7,66.84,67.6,,46460628
6/30/2014,67.46,67.92,67.13,67.29,,27201748
7/1/2014,67.58,68.44,67.39,68.06,,33243166
7/2/2014,68.04,68.3,65.79,66.45,,41895220
7/3/2014,66.86,67,65.76,66.29,,25203216
7/7/2014,66.3,66.57,65.12,65.29,,28745100
7/8/2014,65.06,65.56,62.21,62.76,,68926032
7/9/2014,63.41,65.12,63.15,64.97,,51431584
7/10/2014,63.31,65.34,63.05,64.87,,44421916
7/11/2014,65.28,66.59,64.79,66.34,,39212024
7/14/2014,67.13,68.17,66.9,67.9,,38536924
7/15/2014,67.96,68.09,66.26,67.17,,44292944
7/16/2014,67.54,67.94,67.07,67.66,,29593588
7/17/2014,67.03,67.85,66.04,66.41,,38188432
7/18/2014,66.8,68.46,66.16,68.42,,42455648
7/21/2014,68.81,69.96,68.5,69.4,,49539120
7/22/2014,69.76,69.77,68.61,69.27,,40397692
7/23/2014,69.74,71.33,69.61,71.29,,78434720
7/24/2014,75.96,76.74,74.51,74.98,,124167936
7/25/2014,74.99,75.67,74.66,75.19,,45917436
7/28/2014,75.17,75.5,73.85,74.92,,41725248
7/29/2014,74.72,74.92,73.42,73.71,,41324472
7/30/2014,74.21,75.19,74.13,74.68,,36853016
7/31/2014,74,74.17,72.44,72.65,,43991772
8/1/2014,72.22,73.22,71.55,72.36,,43535312
8/4/2014,72.36,73.88,72.36,73.51,,30776820
8/5/2014,73.2,73.59,72.18,72.69,,34986148
8/6/2014,72.02,73.72,71.79,72.47,,30985532
8/7/2014,73,74,72.7,73.17,,38140552
8/8/2014,73.4,73.43,72.56,73.06,,27202324
8/11/2014,73.46,73.91,73.06,73.44,,24591176
8/12/2014,73.09,73.33,72.22,72.83,,27418984
8/13/2014,73.12,74.25,73.05,73.77,,29265662
8/14/2014,73.97,74.38,73.69,74.3,,22207020
8/15/2014,74.32,74.65,73,73.63,,38909160
8/18/2014,74,74.72,73.96,74.59,,23973658
8/19/2014,74.81,75.58,74.77,75.29,,26678640
8/20/2014,74.97,75.18,74.62,74.81,,22916678
8/21/2014,74.92,75.19,74.41,74.57,,20101980
8/22/2014,74.34,74.73,73.57,74.57,,20897392
8/25/2014,74.94,75.28,74.79,75.02,,19734104
8/26/2014,75,75.99,74.73,75.96,,23992668
8/27/2014,75.27,75.49,74.46,74.63,,36323060
8/28/2014,74,74.43,73.73,73.86,,21946738
8/29/2014,74.3,74.82,74.01,74.82,,26241162
9/2/2014,75.01,76.7,74.82,76.68,,34979440
9/3/2014,77.14,77.48,75.6,75.83,,32389102
9/4/2014,75.89,76.93,75.53,75.95,,26676444
9/5/2014,76.1,77.38,75.6,77.26,,29475854
9/8/2014,77.26,78.17,77.01,77.89,,28183156
9/9/2014,77.59,78.17,76.2,76.67,,28881804
9/10/2014,76.52,77.95,76.51,77.43,,29908606
9/11/2014,77.13,78.36,77.05,77.92,,32247724
9/12/2014,78.02,78.3,77.1,77.48,,26744356
9/15/2014,77.15,77.25,73.43,74.58,,49679128
9/16/2014,73.52,76.23,73.07,76.08,,37742480
9/17/2014,75.96,77.25,75.57,76.43,,28693348
9/18/2014,76.77,77.33,76.52,77,,23030936
9/19/2014,77.4,78.3,76.44,77.91,,76671328
9/22/2014,77,77.53,75.95,76.8,,31961016
9/23/2014,76.33,78.63,76.04,78.29,,36814112
9/24/2014,78.1,78.62,77.51,78.54,,30679642
9/25/2014,78.6,78.94,77.13,77.22,,37532580
9/26/2014,77.59,78.84,77.33,78.79,,28872012
9/29/2014,78.12,79.2,77.91,79,,34030636
9/30/2014,79.35,79.71,78.6,79.04,,35899444
10/1/2014,78.78,78.82,75.9,76.55,,55090156
10/2/2014,76.57,77.48,75.64,77.08,,36487612
10/3/2014,77.76,78.06,77.26,77.44,,23340172
10/6/2014,77.19,77.89,76.85,77.56,,25729192
10/7/2014,77.05,77.95,76.24,76.29,,25317488
10/8/2014,76.18,77.71,75.1,77.52,,32975514
10/9/2014,77.28,77.76,75.85,75.91,,32487174
10/10/2014,75.59,76.5,72.76,72.91,,52146160
10/13/2014,73.23,74.78,72.52,72.99,,43937640
10/14/2014,74,74.18,72.05,73.59,,50299288
10/15/2014,71.69,73.8,70.32,73.21,,61528316
10/16/2014,70.79,73.35,70.58,72.63,,53529460
10/17/2014,74.23,76,73.75,75.95,,76341640
10/20/2014,75.6,77.09,75.38,76.95,,34701260
10/21/2014,77.56,78.74,77.15,78.69,,32252404
10/22/2014,78.82,79.85,78.01,78.37,,41862392
10/23/2014,79.38,80.63,79.01,80.04,,35055800
10/24/2014,80.2,80.82,79.32,80.67,,32247520
10/27/2014,80.74,80.8,79.76,80.28,,30168920
10/28/2014,80.18,81.16,79.57,80.77,,74211768
10/29/2014,75.45,76.88,74.78,75.86,,106119520
10/30/2014,75.05,75.35,72.9,74.11,,83269552
10/31/2014,74.93,75.7,74.45,74.99,,44544324
11/3/2014,75.47,75.52,73.7,73.88,,40727328
11/4/2014,74.23,75.77,73.65,75.76,,39326472
11/5/2014,76.51,76.8,74.42,74.83,,35912588
11/6/2014,74.89,75.6,74.31,75.26,,21383194
11/7/2014,75.39,75.86,75.02,75.6,,20774380
11/10/2014,75.36,75.48,74.61,75,,21575126
11/11/2014,74.95,74.98,74.03,74.61,,18735124
11/12/2014,74.28,75.14,73.54,74.72,,26536608
11/13/2014,74.74,75.24,73.64,74.25,,26448452
11/14/2014,74.27,74.93,74.04,74.88,,19476878
11/17/2014,74.88,75.65,73.88,74.24,,28701192
11/18/2014,74.45,74.8,73.9,74.34,,20696644
11/19/2014,74.01,74.54,73.11,73.33,,25441164
11/20/2014,72.8,73.99,72.51,73.6,,19154862
11/21/2014,74.5,74.5,73.5,73.75,,23060382
11/24/2014,73.54,74.35,73.35,74.01,,22103832
11/25/2014,74.21,75.74,74.13,75.63,,32250204
11/26/2014,75.53,77.78,75.51,77.62,,32721584
11/28/2014,77.67,78.27,77.23,77.7,,15992035
12/1/2014,77.26,77.31,74.8,75.1,,31789866
12/2/2014,75.33,75.91,75.04,75.46,,16773884
12/3/2014,75.38,75.73,74.4,74.88,,16689857
12/4/2014,74.83,75.55,74.66,75.24,,14390520
12/5/2014,75.8,76.76,75.36,76.36,,24306446
12/8/2014,76.18,77.25,75.4,76.52,,25733852
12/9/2014,75.2,76.93,74.78,76.84,,25358584
12/10/2014,76.65,77.55,76.07,76.18,,32210532
12/11/2014,76.52,78.52,76.48,77.73,,33492660
12/12/2014,77.16,78.88,77.02,77.83,,28091616
12/15/2014,78.46,78.58,76.56,76.99,,29396532
12/16/2014,76.19,77.39,74.59,74.69,,31554592
12/17/2014,75.01,76.41,74.9,76.11,,29203904
12/18/2014,76.89,78.4,76.51,78.4,,34222080
12/19/2014,78.75,80,78.33,79.88,,43334992
12/22/2014,80.08,81.89,80,81.45,,31395770
12/23/2014,82.02,82.17,80.4,80.61,,19865820
12/24/2014,81.03,81.43,80.75,80.77,,7685481
12/26/2014,81.02,81.28,80.51,80.78,,10647388
12/29/2014,80.49,80.96,79.71,80.02,,14134666
12/30/2014,79.85,80.59,79.1,79.22,,14370763
12/31/2014,79.54,79.8,77.86,78.02,,20040440
1/2/2015,78.58,78.93,77.7,78.45,,18177476
1/5/2015,77.98,79.25,76.86,77.19,,26452192
1/6/2015,77.23,77.59,75.36,76.15,,27399288
1/7/2015,76.76,77.36,75.82,76.15,,22045332
1/8/2015,76.74,78.23,76.08,78.18,,23960952
1/9/2015,78.2,78.62,77.2,77.74,,21157008
1/12/2015,77.84,78,76.21,76.72,,19190194
1/13/2015,77.23,78.08,75.85,76.45,,25179560
1/14/2015,76.42,77.2,76.03,76.28,,25918564
1/15/2015,76.4,76.57,73.54,74.05,,34133976
1/16/2015,74.04,75.32,73.84,75.18,,21791528
1/20/2015,75.72,76.31,74.82,76.24,,22821614
1/21/2015,76.16,77.3,75.85,76.74,,25096736
1/22/2015,77.17,77.75,76.68,77.65,,19519458
1/23/2015,77.65,78.19,77.04,77.83,,16746503
1/26/2015,77.98,78.47,77.29,77.5,,19260820
1/27/2015,76.71,76.88,75.63,75.78,,20109976
1/28/2015,76.9,77.64,76,76.24,,53306424
1/29/2015,76.85,78.02,74.21,78,,61293468
1/30/2015,78,78.16,75.75,75.91,,42649492
2/2/2015,76.11,76.14,73.75,74.99,,41955256
2/3/2015,75.19,75.58,73.86,75.4,,26957714
2/4/2015,75.09,76.35,75.01,75.63,,20277368
2/5/2015,75.71,75.98,75.21,75.61,,15062573
2/6/2015,75.68,75.7,74.25,74.47,,21210994
2/9/2015,74.05,74.83,73.45,74.44,,16194322
2/10/2015,74.85,75.34,74.5,75.19,,15811344
2/11/2015,75.09,76.75,75.03,76.51,,20877428
2/12/2015,76.86,76.87,75.89,76.23,,17234976
2/13/2015,76.46,76.48,75.5,75.74,,18621860
2/17/2015,75.3,76.91,75.08,75.6,,25254400
2/18/2015,75.94,76.9,75.45,76.71,,22426420
2/19/2015,76.99,79.84,76.95,79.42,,45851176
2/20/2015,79.55,80.34,79.2,79.89,,36931696
2/23/2015,79.96,80.19,78.38,78.84,,24139056
2/24/2015,78.5,79.48,78.1,78.45,,18897132
2/25/2015,78.5,80.2,78.5,79.56,,25593800
2/26/2015,79.88,81.37,79.72,80.41,,31111892
2/27/2015,80.68,81.23,78.62,78.97,,30739196
3/2/2015,79,79.86,78.52,79.75,,21662536
3/3/2015,79.61,79.7,78.52,79.6,,18634972
3/4/2015,79.3,81.15,78.85,80.89,,28126686
3/5/2015,81.23,81.99,81.05,81.21,,27825732
3/6/2015,80.9,81.33,79.83,80,,24488580
3/9/2015,79.68,79.91,78.63,79.44,,18925096
3/10/2015,78.5,79.26,77.55,77.55,,23067056
3/11/2015,77.8,78.43,77.26,77.57,,20215704
3/12/2015,78.1,79.05,77.91,78.93,,16093319
3/13/2015,78.6,79.38,77.68,78.05,,18557296
3/16/2015,77.96,78.12,77.36,78.07,,19305406
3/17/2015,78.36,79.78,78.34,79.36,,22169968
3/18/2015,79.25,81.24,79.17,80.91,,36912448
3/19/2015,81.12,83,81,82.75,,42099524
3/20/2015,83.39,84.6,83.07,83.8,,44466324
3/23/2015,83.92,84.96,83.3,84.43,,27357332
3/24/2015,84.71,86.07,84.52,85.31,,32576522
3/25/2015,85.5,85.52,82.92,82.92,,37436148
3/26/2015,82.72,83.77,82.14,83.01,,32794800
3/27/2015,83.38,83.95,82.88,83.3,,18372582
3/30/2015,83.81,84.34,82.41,83.19,,24527686
3/31/2015,82.9,83.5,82.21,82.21,,19734276
4/1/2015,82.5,82.72,80.87,81.67,,22058168
4/2/2015,82.25,82.56,81.44,81.56,,19664052
4/6/2015,80.8,82.81,80.8,82.44,,19062934
4/7/2015,82.65,83.42,82.22,82.32,,17467042
4/8/2015,82.63,83.1,81.84,82.28,,18966732
4/9/2015,82.5,82.8,81.71,82.17,,15927281
4/10/2015,82.21,82.61,81.91,82.04,,12529738
4/13/2015,81.93,83.94,81.92,83.01,,26883094
4/14/2015,83.17,83.69,82.44,83.51,,19634172
4/15/2015,83.55,83.66,82.27,82.71,,22390944
4/16/2015,82.47,83.07,82.15,82.31,,13769687
4/17/2015,81.48,82.11,80.37,80.78,,24214984
4/20/2015,81.54,83.15,81.24,83.09,,28796760
4/21/2015,84,84.49,83.54,83.62,,27171852
4/22/2015,84.32,84.74,83.65,84.63,,45547964
4/23/2015,84.1,85.59,82.41,82.41,,73728080
4/24/2015,82.77,82.94,81.48,81.53,,29660356
4/27/2015,81.87,82.93,81.63,81.91,,25446032
4/28/2015,81.83,81.9,80.23,80.68,,23775344
4/29/2015,80.01,81.39,79.52,80.46,,26430258
4/30/2015,80.01,80.96,78.32,78.77,,28999004
5/1/2015,79.24,79.76,78.11,78.99,,24136358
5/4/2015,79.33,79.69,78.63,78.81,,14691991
5/5/2015,78.55,78.8,77.22,77.56,,22311318
5/6/2015,77.97,78.81,77.05,78.1,,28663026
5/7/2015,78,78.94,77.56,78.43,,19749428
5/8/2015,79.1,79.23,78.03,78.51,,19943596
5/11/2015,78.48,79.03,77.93,78.01,,18874054
5/12/2015,77.87,77.89,76.79,77.46,,21285310
5/13/2015,77.72,78.53,77.65,78.44,,21512308
5/14/2015,78.94,81.85,78.67,81.37,,49437996
5/15/2015,81.41,81.52,80.18,80.42,,27069884
5/18/2015,80.33,81.38,80.23,80.88,,21613674
5/19/2015,81.25,81.69,80.55,80.63,,17955388
5/20/2015,80.47,81.1,79.46,80.55,,23056900
5/21/2015,80.19,80.92,80.08,80.48,,13402749
5/22/2015,80.35,81.31,80.25,80.54,,19567936
5/26/2015,80.43,80.6,79.08,79.33,,16321339
5/27/2015,79.6,80.66,79.43,80.55,,14160865
5/28/2015,80.25,81.07,80,80.14,,11982008
5/29/2015,79.95,80.07,78.88,79.19,,16134580
6/1/2015,79.3,80.38,78.66,80.29,,18119012
6/2/2015,79.76,81.35,79.56,80.44,,18923300
6/3/2015,81.35,82.53,81.25,82.44,,31774992
6/4/2015,82.14,82.95,81.51,82.05,,20863876
6/5/2015,81.87,82.46,81.51,82.14,,16143093
6/8/2015,81.82,82,80.13,80.67,,16915472
6/9/2015,80.6,81.19,79.32,80.67,,16497538
6/10/2015,80.83,82.6,80.81,82.16,,21531208
6/11/2015,82.31,82.9,81.36,81.83,,18656812
6/12/2015,81.37,82.09,81.2,81.53,,11417882
6/15/2015,80.55,80.93,80.07,80.71,,18805088
6/16/2015,80.82,81.51,80.45,81.06,,13693666
6/17/2015,81.76,82.22,81.34,81.79,,18350288
6/18/2015,81.64,83.19,81.57,82.9,,26782572
6/19/2015,82.83,82.98,82.12,82.51,,23353194
6/22/2015,83.41,84.97,83.31,84.74,,29383080
6/23/2015,84.96,87.97,84.76,87.88,,50667852
6/24/2015,87.66,89.25,87.45,88.86,,41370228
6/25/2015,89.26,89.4,87.83,87.98,,27301968
6/26/2015,88.12,88.34,86.83,88.01,,38214648
6/29/2015,86.61,87.5,85.73,85.8,,35957872
6/30/2015,86.6,86.7,85.57,85.76,,23233184
7/1/2015,86.77,87.95,86.49,86.91,,25260044
7/2/2015,87.4,87.44,86.34,87.29,,16908780
7/6/2015,86.49,88.18,86.39,87.55,,24635916
7/7/2015,87.8,87.85,85.23,87.22,,33059920
7/8/2015,86.29,86.75,85.44,85.65,,24399340
7/9/2015,86.73,87.6,85.65,85.88,,23307402
7/10/2015,87.35,88.22,86.77,87.95,,23245872
7/13/2015,88.66,90.22,88.42,90.1,,29976670
7/14/2015,90.46,90.8,89.65,89.68,,26627848
7/15/2015,90,90.99,89.42,89.76,,30886600
7/16/2015,90.28,90.86,89.77,90.85,,21804086
7/17/2015,92.55,95.39,92.54,94.97,,54001636
7/20/2015,95.85,98.6,95.36,97.91,,54860540
7/21/2015,98.95,99.24,97.14,98.39,,39453332
7/22/2015,96.74,97.58,95.92,97.04,,28299518
7/23/2015,96.96,97.45,94.81,95.44,,29418832
7/24/2015,97.35,97.76,95.88,96.95,,33444930
7/27/2015,96.58,96.61,93.83,94.17,,38585380
7/28/2015,94.84,95.56,93.31,95.29,,35235992
7/29/2015,96.32,97.28,94.74,96.99,,64648320
7/30/2015,94.91,95.81,91.8,95.21,,86211320
7/31/2015,94.95,96.33,93.95,94.01,,46509044
8/3/2015,93.53,95.08,92.8,94.14,,29343116
8/4/2015,93.79,94.73,93.33,94.06,,20136036
8/5/2015,95.25,97.09,95.18,96.44,,29813174
8/6/2015,97.18,98.74,94.42,95.12,,42271320
8/7/2015,95.38,95.4,93.61,94.3,,23199144
8/10/2015,95.68,95.9,93.63,94.15,,21624152
8/11/2015,93.73,94.76,92.9,93.62,,22491032
8/12/2015,92.7,94.44,91.19,94.19,,27120376
8/13/2015,94.05,94.73,93.35,93.43,,17451768
8/14/2015,93.54,94.72,93.21,94.42,,15929656
8/17/2015,94.42,94.46,93.39,93.93,,18313532
8/18/2015,94.08,95.85,94.04,95.17,,22278848
8/19/2015,94.63,96.1,94.16,95.31,,23251272
8/20/2015,93.54,94.77,90.46,90.56,,44598224
8/21/2015,87.52,89.18,85.61,86.06,,62778680
8/24/2015,77.03,87.14,72,82.09,,83710728
8/25/2015,86.95,87.67,83,83,,52021232
8/26/2015,85.95,87.46,83.26,87.19,,45124304
8/27/2015,89.1,90.06,87.19,89.73,,42431376
8/28/2015,89.88,91.48,89.79,91.01,,33215884
8/31/2015,90.6,91.05,88.89,89.43,,32850666
9/1/2015,86.85,89.39,86.5,87.23,,36097368
9/2/2015,88.81,89.89,87.63,89.89,,27190528
9/3/2015,89.76,89.82,87.73,88.15,,27048198
9/4/2015,87.2,88.39,86.7,88.26,,27328668
9/8/2015,89.69,90.24,88.83,89.53,,27012544
9/9/2015,90.78,91.98,90.17,90.44,,32551124
9/10/2015,90.07,92.06,89.63,91.98,,26437398
9/11/2015,91.68,92.08,91.13,92.05,,21185048
9/14/2015,92.31,92.62,91.6,92.31,,20127872
9/15/2015,92.37,93.25,91.79,92.9,,18859352
9/16/2015,92.9,93.6,92.63,93.45,,16321193
9/17/2015,93.37,95.51,92.9,94.34,,27841804
9/18/2015,93.2,95.19,93.05,94.4,,62299984
9/21/2015,94.62,96.49,94.52,95.55,,28789972
9/22/2015,93.77,94.68,91.92,92.96,,36888892
9/23/2015,93.4,94.32,92.8,93.97,,21701428
9/24/2015,93.06,94.76,92.24,94.41,,29105964
9/25/2015,95.79,95.85,92.06,92.77,,28961622
9/28/2015,92.08,92.29,88.18,89.21,,41199872
9/29/2015,89.1,90.06,85.72,86.67,,42281840
9/30/2015,88.44,90.02,88.01,89.9,,36169144
10/1/2015,90.05,90.95,88.36,90.95,,29283652
10/2/2015,88.9,92.2,88.37,92.07,,37881652
10/5/2015,92.94,94.27,92.66,94.01,,27292516
10/6/2015,94.08,94.17,92.34,92.8,,22488276
10/7/2015,93.11,93.66,91.37,92.4,,24129276
10/8/2015,91.89,93.22,90.47,92.47,,27290524
10/9/2015,92.9,93.74,92.24,93.24,,20012912
10/12/2015,93.32,94.6,92.67,94.26,,18449562
10/13/2015,93.66,95.37,93.55,94.12,,19480348
10/14/2015,94.08,95.2,93.61,94.07,,19253352
10/15/2015,94.99,96.3,94.9,95.96,,27557516
10/16/2015,96.18,97.59,95.35,97.54,,25412856
10/19/2015,97.18,98.57,96.92,98.47,,23729924
10/20/2015,98.73,99.59,96.56,97,,30881776
10/21/2015,97.37,98.18,96.47,97.11,,22003730
10/22/2015,97.79,99.73,97.55,99.67,,26392076
10/23/2015,101.91,102.85,100.16,102.19,,42809660
10/26/2015,102.2,103.81,101.55,103.77,,25961212
10/27/2015,102.94,104.1,102.4,103.7,,23734996
10/28/2015,103.9,104.48,102.92,104.2,,24081516
10/29/2015,103.96,105.12,103.52,104.88,,20316692
10/30/2015,104.51,104.72,101.65,101.97,,33487104
11/2/2015,102.46,103.47,101.18,103.31,,24003944
11/3/2015,103.22,103.65,102.4,102.58,,21242340
11/4/2015,103.19,104.14,102.48,103.94,,43469308
11/5/2015,108.8,110.65,107.95,108.76,,63232860
11/6/2015,108.04,108.74,105.91,107.1,,35084344
11/9/2015,107,108.25,105.86,106.49,,26383540
11/10/2015,105.96,108.15,105.24,107.91,,25031680
11/11/2015,108.27,109.87,107.11,109.01,,25057100
11/12/2015,108.48,109.39,108,108.02,,20924674
11/13/2015,107.71,108.25,103.83,103.95,,30278404
11/16/2015,103.32,104.17,100.47,104.04,,49309168
11/17/2015,104.62,106.2,104.14,105.13,,26807230
11/18/2015,105.8,107.88,105.39,107.77,,23836526
11/19/2015,107.36,107.73,105.95,106.26,,25520600
11/20/2015,106.84,107.87,106.62,107.32,,22129648
11/23/2015,107.19,107.47,106.08,106.95,,19897220
11/24/2015,106,106.49,104.39,105.74,,23577292
11/25/2015,106.33,106.6,105.1,105.41,,15150785
11/27/2015,105.78,105.96,104.86,105.45,,5913066
11/30/2015,105.84,106.1,103.75,104.24,,20383180
12/1/2015,104.83,107.15,104.5,107.12,,22781868
12/2/2015,107,107.92,105.79,106.07,,24429064
12/3/2015,106.27,106.85,103.35,104.38,,23236484
12/4/2015,104.81,107.73,104.11,106.18,,21224720
12/7/2015,106.48,106.83,104.66,105.61,,15474890
12/8/2015,104,106.91,103.95,106.49,,20401792
12/9/2015,106.18,106.44,103.55,104.6,,23517268
12/10/2015,105.05,106.4,104.41,105.42,,17454312
12/11/2015,104.15,104.34,101.91,102.12,,26427728
12/14/2015,102.29,104.74,101.46,104.66,,24813496
12/15/2015,105.3,105.8,104.28,104.55,,21764332
12/16/2015,105.37,107.09,104.19,106.79,,22680548
12/17/2015,107.49,107.75,106.13,106.22,,21675686
12/18/2015,106.08,106.59,103.97,104.04,,35994200
12/21/2015,104.91,105.15,103.6,104.77,,16138786
12/22/2015,105.22,105.66,104.81,105.51,,14597122
12/23/2015,105.89,106.11,103.86,104.63,,19599672
12/24/2015,104.74,105.32,104.5,105.02,,6512134
12/28/2015,105.02,105.98,104.53,105.93,,13069733
12/29/2015,106.42,107.74,106.25,107.26,,17179900
12/30/2015,107,107.25,106.06,106.22,,13115007
12/31/2015,106,106.17,104.62,104.66,,18391064
1/4/2016,101.95,102.24,99.75,102.22,,37912404
1/5/2016,102.89,103.71,101.67,102.73,,23258238
1/6/2016,101.13,103.77,100.9,102.97,,25096184
1/7/2016,100.5,101.43,97.3,97.92,,45172904
1/8/2016,99.88,100.5,97.03,97.33,,35402296
1/11/2016,97.91,98.6,95.39,97.51,,29932384
1/12/2016,99,99.96,97.55,99.37,,28395390
1/13/2016,100.58,100.58,95.21,95.44,,33410552
1/14/2016,95.85,98.87,92.45,98.37,,48658624
1/15/2016,93.98,96.38,93.54,94.97,,46132780
1/19/2016,96.53,97.42,93.92,95.26,,30998256
1/20/2016,92.83,95,89.37,94.35,,59051428
1/21/2016,94.91,95.99,92.62,94.16,,30518940
1/22/2016,96.41,98.07,95.49,97.94,,30495388
1/25/2016,98.72,99.48,96.93,97.01,,32482016
1/26/2016,97.76,97.88,95.66,97.34,,26877080
1/27/2016,97.79,97.85,94.23,94.45,,58699360
1/28/2016,107.2,110.34,104.81,109.11,,107475328
1/29/2016,108.99,112.84,108.84,112.21,,62739548
2/1/2016,112.27,115.72,112.01,115.09,,46132728
2/2/2016,114.8,117.59,113.2,114.61,,59778572
2/3/2016,115.27,115.34,109.75,112.69,,56919324
2/4/2016,111.8,111.94,109.25,110.49,,38890200
2/5/2016,109.51,109.58,103.18,104.07,,76894744
2/8/2016,100.41,102.68,97.46,99.75,,71229744
2/9/2016,97.14,102.4,96.82,99.54,,62709016
2/10/2016,101.55,103.25,100.24,101,,45179368
2/11/2016,99.6,105.11,98.88,101.91,,43670632
2/12/2016,103.74,104.24,101.09,102.01,,36176760
2/16/2016,103.8,103.93,100.24,101.61,,45687224
2/17/2016,101.94,105.72,100.4,105.2,,44073368
2/18/2016,105.8,106,103.03,103.47,,29593508
2/19/2016,102.55,105.02,102.06,104.57,,32404516
2/22/2016,105.49,108.25,105.34,107.16,,35709712
2/23/2016,106.85,107.47,105.12,105.46,,25319316
2/24/2016,104.21,106.95,102.74,106.88,,34412436
2/25/2016,107.11,108.07,105.61,108.07,,29906278
2/26/2016,108.7,109.45,107.16,107.92,,26686192
2/29/2016,107.6,108.91,106.75,106.92,,32778992
3/1/2016,107.83,109.82,107.6,109.82,,26817308
3/2/2016,109.68,110.55,108.77,109.95,,25670170
3/3/2016,110.25,110.3,108.54,109.58,,21353092
3/4/2016,110.05,110.05,107.93,108.39,,24938858
3/7/2016,108.07,108.07,104.72,105.73,,31534056
3/8/2016,104.78,107.37,104.4,105.93,,25616964
3/9/2016,106.7,107.51,105.49,107.51,,20493304
3/10/2016,107.91,108.66,105.77,107.32,,24854284
3/11/2016,108.48,109.42,107.92,109.41,,20697552
3/14/2016,109.28,110.33,108.77,109.89,,17249364
3/15/2016,109.11,110.83,108.84,110.67,,17618460
3/16/2016,110.49,112.5,110.1,112.18,,24744778
3/17/2016,112.15,112.69,110.73,111.02,,24241248
3/18/2016,111.56,112.42,110.27,111.45,,36256876
3/21/2016,111.66,112.37,111.03,111.85,,18447974
3/22/2016,111.36,112.88,111.17,112.25,,19001076
3/23/2016,112.01,113.19,112,112.54,,18561974
3/24/2016,112.13,113.09,111.68,113.05,,17839120
3/28/2016,113.32,114.59,112.95,113.69,,21351752
3/29/2016,113.83,116.32,113.64,116.14,,29825340
3/30/2016,116.73,116.99,114.36,114.7,,33235184
3/31/2016,114.7,115.01,113.77,114.1,,21207526
4/1/2016,113.75,116.17,113.35,116.06,,24760504
4/4/2016,114.07,114.55,111.61,112.55,,48487912
4/5/2016,112.11,113.32,111.9,112.22,,22962364
4/6/2016,112.47,113.81,112.42,113.71,,20814640
4/7/2016,113.79,114.89,113.07,113.64,,20714536
4/8/2016,114.25,114.33,109.9,110.63,,48497808
4/11/2016,110.7,110.91,108.77,108.99,,39762304
4/12/2016,109.34,111.16,108.99,110.61,,26248080
4/13/2016,112.23,112.65,106.52,110.51,,88227392
4/14/2016,110.62,112.04,110.26,110.84,,28473322
4/15/2016,110.79,110.97,109.2,109.64,,20922804
4/18/2016,109.74,110.81,109.2,110.45,,21167200
4/19/2016,111.1,112.45,109.16,112.29,,30210456
4/20/2016,112.43,113.27,111.56,112.42,,21027900
4/21/2016,112.55,114.04,112.31,113.44,,20875230
4/22/2016,111.21,111.75,109.01,110.56,,38458200
4/25/2016,109.87,110.67,109.07,110.1,,21017896
4/26/2016,110.49,110.5,108.15,108.76,,22521534
4/27/2016,107.94,108.94,106.31,108.89,,52213108
4/28/2016,119.57,120.79,116.23,116.73,,87110080
4/29/2016,116.82,117.84,115.84,117.58,,37140592
5/2/2016,117.83,118.73,116.57,118.57,,28095168
5/3/2016,117.52,118.16,117.02,117.43,,24117464
5/4/2016,116.61,118.3,116.57,118.06,,23448440
5/5/2016,118.04,118.98,117.25,117.81,,22056748
5/6/2016,117.16,119.64,117.11,119.49,,26395568
5/9/2016,119.54,120.28,118.9,119.24,,21138060
5/10/2016,119.62,120.5,114.8,120.5,,23220046
5/11/2016,120.41,121.08,119.42,119.52,,22038396
5/12/2016,119.98,120.84,118.9,120.28,,22035464
5/13/2016,120.38,120.64,119.68,119.81,,18124286
5/16/2016,119.38,119.61,117.35,118.67,,31247834
5/17/2016,118.82,119.01,117.2,117.35,,21328648
5/18/2016,116.8,118.27,116.73,117.65,,21642300
5/19/2016,117.05,117.49,115.88,116.81,,20544108
5/20/2016,116.96,117.99,116.95,117.35,,18944832
5/23/2016,117.42,117.6,115.94,115.97,,20441004
5/24/2016,116.24,117.73,116.12,117.7,,20183628
5/25/2016,118.13,118.67,117.38,117.89,,20035494
5/26/2016,118.24,119.76,117.92,119.47,,18481340
5/27/2016,119.56,119.85,119.01,119.38,,13493563
5/31/2016,119.46,120.1,118.12,118.81,,23547596
6/1/2016,118.5,119.08,117.82,118.78,,15029494
6/2/2016,118.69,119.44,118.22,118.93,,13228310
6/3/2016,118.97,118.98,117.86,118.47,,14135114
6/6/2016,118.62,119.43,118.36,118.79,,12744676
6/7/2016,119.24,119.3,117.67,117.76,,17103024
6/8/2016,117.76,118.6,117.27,118.39,,14505596
6/9/2016,118.13,118.68,117.71,118.56,,13859240
6/10/2016,117.54,118.11,116.26,116.62,,18510826
6/13/2016,115,115.48,113.31,113.95,,31718240
6/14/2016,114.07,114.95,113.58,114.94,,17618480
6/15/2016,115.3,115.44,114.07,114.6,,19819432
6/16/2016,113.87,114.5,112.94,114.39,,19236256
6/17/2016,114.42,114.43,112.56,113.02,,24644308
6/20/2016,113.77,114.72,112.75,113.37,,20785390
6/21/2016,114.12,115.21,113.97,114.38,,19166268
6/22/2016,114.65,114.74,113.61,113.91,,14846329
6/23/2016,114.37,115.09,113.54,115.08,,16176895
6/24/2016,111.01,113.68,111,112.08,,40643128
6/27/2016,111.57,111.57,108.23,108.97,,36409608
6/28/2016,110.63,112.75,110.55,112.7,,26813842
6/29/2016,113.37,114.25,113.04,114.16,,20968272
6/30/2016,114.67,115.18,113.67,114.28,,23192716
7/1/2016,114.2,115.13,113.81,114.19,,14980023
7/5/2016,113.94,114.11,112.97,114,,14207037
7/6/2016,113.36,116.79,112.97,116.7,,24337586
7/7/2016,116.63,116.97,115.36,115.85,,16630201
7/8/2016,116.43,117.5,115.85,117.24,,18142596
7/11/2016,117.71,118.7,117.5,117.87,,17711570
7/12/2016,118.63,118.72,117.57,117.93,,15217700
7/13/2016,118.39,118.4,116.68,116.78,,16207662
7/14/2016,117.5,117.64,116.7,117.29,,14579736
7/15/2016,117.74,118.28,116.58,116.86,,16645964
7/18/2016,117.32,119.61,116.89,119.37,,20868368
7/19/2016,118.99,120.85,118.66,120.61,,21541292
7/20/2016,121.25,122.2,120.56,121.92,,20046452
7/21/2016,121.92,122.1,120.25,120.61,,17801664
7/22/2016,119.9,121.01,119.31,121,,18422410
7/25/2016,121.39,121.85,117.78,121.63,,18487448
7/26/2016,122,122.07,120.75,121.22,,17611964
7/27/2016,122.42,125,121.51,123.34,,52654240
7/28/2016,127.52,128.33,123.63,125,,78955760
7/29/2016,124.65,125.84,123.71,123.94,,35058804
8/1/2016,123.85,124.58,122.86,124.31,,25006850
8/2/2016,124.06,124.8,122.07,123.09,,23968414
8/3/2016,123.09,123.92,122.31,122.51,,18525332
8/4/2016,122.94,124.79,122.51,124.36,,21065974
8/5/2016,124.98,125.83,124.62,125.15,,20184036
8/8/2016,125.25,125.45,124.55,125.26,,15233929
8/9/2016,125.34,126.09,124.53,125.06,,19620968
8/10/2016,125.07,125.48,124.54,124.88,,10670148
8/11/2016,125.2,125.38,124.75,124.9,,11729519
8/12/2016,124.7,125,124.18,124.88,,12158955
8/15/2016,124.91,124.92,123.7,123.9,,19295130
8/16/2016,123.5,123.92,122.78,123.3,,14222410
8/17/2016,123.66,124.38,122.85,124.37,,13794179
8/18/2016,124.01,124.26,123.64,123.91,,12377184
8/19/2016,123.6,124.16,123.28,123.56,,11688265
8/22/2016,123.33,124.83,123.11,124.15,,14386361
8/23/2016,124.51,125.09,124.25,124.37,,13309452
8/24/2016,124.47,124.69,123.09,123.48,,12243719
8/25/2016,123.12,124.37,123.1,123.89,,10730811
8/26/2016,124.05,125.19,123.91,124.96,,17504824
8/29/2016,124.35,126.73,124.35,126.54,,15925900
8/30/2016,126.6,126.6,125.15,125.84,,17804286
8/31/2016,125.6,126.22,125.1,126.12,,14200636
9/1/2016,126.38,126.63,125.6,126.17,,13536125
9/2/2016,126.85,126.86,126,126.51,,12118773
9/6/2016,126.67,129.94,126.47,129.73,,26278408
9/7/2016,130.04,131.98,129.95,131.05,,27990796
9/8/2016,130.92,131.08,129.81,130.27,,15676595
9/9/2016,129.71,129.95,127.1,127.1,,27100680
9/12/2016,125.96,128.76,125.75,128.69,,21252752
9/13/2016,128.03,128.35,126.66,127.21,,18016152
9/14/2016,126.89,128.8,126.89,127.77,,15720388
9/15/2016,127.98,129.1,127.67,128.35,,15111838
9/16/2016,128.2,129.18,128.2,129.07,,24119174
9/19/2016,129.91,129.94,128.26,128.65,,14958794
9/20/2016,128.65,129.17,128.03,128.64,,11083808
9/21/2016,129.13,130.01,128.39,129.94,,14068336
9/22/2016,130.5,130.73,129.56,130.08,,15538307
9/23/2016,127.56,128.6,127.3,127.96,,28326266
9/26/2016,127.37,128.16,126.8,127.31,,15064940
9/27/2016,127.61,129.01,127.43,128.69,,15637111
9/28/2016,129.21,129.47,128.4,129.23,,12047636
9/29/2016,129.18,129.29,127.55,128.09,,14532241
9/30/2016,128.03,128.59,127.45,128.27,,18402944
10/3/2016,128.38,129.09,127.8,128.77,,13156943
10/4/2016,129.17,129.28,127.55,128.19,,14307548
10/5/2016,128.25,128.8,127.83,128.47,,12386753
10/6/2016,128.43,129.06,128.08,128.74,,11682729
10/7/2016,129.04,129.25,128.33,128.99,,12804420
10/10/2016,129.68,130.7,129.2,130.24,,15138720
10/11/2016,130.23,130.64,128.23,128.88,,17537928
10/12/2016,129.01,129.66,128.46,129.05,,11072991
10/13/2016,128.21,128.25,126.75,127.82,,17139306
10/14/2016,128.49,128.95,127.58,127.88,,13345292
10/17/2016,128.2,128.47,127.32,127.54,,11351681
10/18/2016,128.68,129.39,128.01,128.57,,13503967
10/19/2016,128.74,130.47,128.6,130.11,,16752321
10/20/2016,130.07,130.66,129.5,130,,13167503
10/21/2016,129.78,132.13,129.7,132.07,,19088794
10/24/2016,132.72,133.4,132.15,133.28,,17470228
10/25/2016,133.5,133.5,132.22,132.29,,13336787
10/26/2016,131.64,132.26,130.93,131.04,,13084731
10/27/2016,131.74,131.8,129.27,129.69,,16741393
10/28/2016,130.5,132.97,129.93,131.29,,24545548
10/31/2016,132.01,132.12,130.88,130.99,,15668982
11/1/2016,131.41,131.94,128.65,129.5,,22077780
11/2/2016,130.23,130.23,126.28,127.17,,50190224
11/3/2016,122,123.28,119.5,120,,63766260
11/4/2016,119.59,121.93,119.25,120.75,,30545466
11/7/2016,122.83,123.21,121.35,122.15,,23008880
11/8/2016,122.03,124.61,121.54,124.22,,19460768
11/9/2016,121.5,123.81,120.51,123.18,,31916020
11/10/2016,123.93,124.18,115.27,120.8,,67846704
11/11/2016,119.53,120.7,118.15,119.02,,32840136
11/14/2016,119.13,119.13,113.55,115.08,,51377040
11/15/2016,116.73,118.49,115.83,117.2,,34681368
11/16/2016,114.48,117.88,114.21,116.34,,32397948
11/17/2016,116.81,117.79,116.01,117.79,,18597766
11/18/2016,118.39,119.13,116.84,117.02,,22879304
11/21/2016,118.2,121.95,117.8,121.77,,35415368
11/22/2016,122.4,122.98,120.9,121.47,,26089164
11/23/2016,121.23,121.31,119.94,120.84,,15672136
11/25/2016,121.01,121.14,120.07,120.38,,8658605
11/28/2016,120.12,121.69,119.82,120.41,,18101314
11/29/2016,120.57,122.1,120.4,120.87,,18890956
11/30/2016,120.32,121.79,117.95,118.42,,30188922
12/1/2016,118.38,118.45,114,115.1,,43276992
12/2/2016,115.11,116.48,114.3,115.4,,25070364
12/5/2016,115.95,117.57,115.07,117.43,,20201528
12/6/2016,117.69,117.79,116.33,117.31,,19131202
12/7/2016,117,117.95,116.57,117.95,,21913658
12/8/2016,117.98,119.5,117.64,118.91,,22442756
12/9/2016,119.22,119.94,118.95,119.68,,17464736
12/12/2016,119.22,119.24,117.65,117.77,,17805528
12/13/2016,117.86,121.52,117.61,120.31,,29768028
12/14/2016,120,121.69,118.85,120.21,,25913096
12/15/2016,120.08,122.5,119.63,120.57,,20139568
12/16/2016,120.9,121.5,119.27,119.87,,25324300
12/19/2016,119.85,120.36,118.51,119.24,,15918146
12/20/2016,119.5,119.77,118.8,119.09,,13684402
12/21/2016,118.92,119.2,118.48,119.04,,10767646
12/22/2016,118.86,118.99,116.93,117.4,,16258587
12/23/2016,117,117.56,116.3,117.27,,10889985
12/27/2016,116.96,118.68,116.86,118.01,,12051481
12/28/2016,118.19,118.25,116.65,116.92,,12087377
12/29/2016,117,117.53,116.06,116.35,,9934873
12/30/2016,116.6,116.83,114.77,115.05,,18684106
1/3/2017,116.03,117.84,115.51,116.86,,20663912
1/4/2017,117.55,119.66,117.29,118.69,,19630932
1/5/2017,118.86,120.95,118.32,120.67,,19492150
1/6/2017,120.98,123.88,120.03,123.41,,28545264
1/9/2017,123.55,125.43,123.04,124.9,,22880360
1/10/2017,124.82,125.5,124.28,124.35,,17324590
1/11/2017,124.35,126.12,124.06,126.09,,18356524
1/12/2017,125.61,126.73,124.8,126.62,,18653914
1/13/2017,127.49,129.27,127.37,128.34,,24884324
1/17/2017,128.04,128.34,127.4,127.87,,15294460
1/18/2017,128.41,128.43,126.84,127.92,,13145852
1/19/2017,128.23,128.35,127.45,127.55,,12195465
1/20/2017,128.1,128.48,126.78,127.04,,19097224
1/23/2017,127.31,129.25,126.95,128.93,,16593563
1/24/2017,129.38,129.9,128.38,129.37,,15162724
1/25/2017,130,131.74,129.77,131.48,,18777314
1/26/2017,131.63,133.14,131.44,132.78,,20020140
1/27/2017,132.68,132.95,131.08,132.18,,19539514
1/30/2017,131.58,131.58,129.6,130.98,,18956096
1/31/2017,130.17,130.66,129.52,130.32,,19790484
2/1/2017,132.25,133.49,130.68,133.23,,50139776
2/2/2017,133.22,135.49,130.4,130.84,,54366448
2/3/2017,131.24,132.85,130.76,130.98,,24804890
2/6/2017,130.98,132.06,130.3,132.06,,17058494
2/7/2017,132.24,133,131.66,131.84,,14596449
2/8/2017,132.6,134.44,132.44,134.2,,22390556
2/9/2017,134.49,134.5,133.31,134.14,,16470609
2/10/2017,134.1,134.94,133.68,134.19,,15061939
2/13/2017,134.7,134.7,133.7,134.05,,13526221
2/14/2017,134.1,134.23,132.55,133.85,,14364877
2/15/2017,133.45,133.7,132.66,133.44,,13226534
2/16/2017,133.07,133.87,133.02,133.84,,12831092
2/17/2017,133.5,134.09,133.17,133.53,,12276490
2/21/2017,133.5,133.91,132.9,133.72,,14759109
2/22/2017,133.6,136.79,133.46,136.12,,27360092
2/23/2017,135.89,136.12,134.33,135.36,,18422548
2/24/2017,134.16,135.62,134.16,135.44,,12625742
2/27/2017,135.26,137.18,135.02,136.41,,14306668
2/28/2017,136.79,136.8,134.75,135.54,,16112092
3/1/2017,136.47,137.48,136.3,137.42,,16257010
3/2/2017,137.09,137.82,136.31,136.76,,12294804
3/3/2017,136.63,137.33,136.08,137.17,,11160563
3/6/2017,136.88,137.83,136.51,137.42,,12748179
3/7/2017,137.03,138.37,136.99,137.3,,13527132
3/8/2017,137.15,137.99,137.05,137.72,,10184514
3/9/2017,137.72,138.57,137.4,138.24,,15535259
3/10/2017,138.91,139.49,138.22,138.79,,16314113
3/13/2017,138.71,139.68,138.67,139.6,,10955450
3/14/2017,139.46,139.46,138.52,139.32,,12944018
3/15/2017,139.29,140.1,138.49,139.72,,19344826
3/16/2017,140.2,140.25,139.73,139.99,,13612942
3/17/2017,140.34,140.34,139.7,139.84,,20592818
3/20/2017,139.71,140.19,139.25,139.94,,12099471
3/21/2017,141.15,142.31,138.4,138.51,,29894784
3/22/2017,137.93,139.79,137.6,139.59,,17055448
3/23/2017,139.48,140.39,139.09,139.53,,13022801
3/24/2017,140.08,141.02,139.76,140.34,,16664683
3/27/2017,139.05,140.65,138.77,140.32,,12800544
3/28/2017,140.36,141.95,140.01,141.76,,14679436
3/29/2017,141.99,142.86,141.43,142.65,,16527574
3/30/2017,142.4,142.95,141.85,142.41,,12403997
3/31/2017,142.31,142.63,141.89,142.05,,11478265
4/3/2017,141.93,142.47,140.82,142.28,,13563960
4/4/2017,141.86,142.09,141.27,141.73,,12948599
4/5/2017,142.26,143.44,141.29,141.85,,17158060
4/6/2017,142.11,142.22,140.91,141.17,,15103426
4/7/2017,141.2,141.55,140.24,140.78,,11818341
4/10/2017,141,141.43,140.63,141.04,,9039366
4/11/2017,140.8,141.03,138.81,139.92,,16638087
4/12/2017,139.72,140.4,139.44,139.58,,11612456
4/13/2017,139.62,140.58,139.33,139.39,,10965614
4/17/2017,139.76,141.55,139.75,141.42,,11519663
4/18/2017,141.27,141.9,140.61,140.96,,14807472
4/19/2017,141.35,143.04,141.27,142.27,,15563945
4/20/2017,142.95,144.25,142.69,143.8,,15968164
4/21/2017,143.9,144.17,142.27,143.68,,12382002
4/24/2017,144.96,145.67,144.34,145.47,,14407175
4/25/2017,145.79,147.15,145.79,146.49,,17767524
4/26/2017,147.09,147.59,146.09,146.56,,12394959
4/27/2017,146.67,147.75,146.14,147.7,,11275112
4/28/2017,149.5,151.53,149.07,150.25,,30652248
5/1/2017,151.74,152.57,151.42,152.46,,25218300
5/2/2017,153.34,153.44,151.66,152.78,,21870380
5/3/2017,153.6,153.6,151.34,151.8,,29782492
5/4/2017,150.17,151.52,148.72,150.85,,36225452
5/5/2017,151.45,151.63,149.79,150.24,,17148544
5/8/2017,150.71,151.08,149.74,151.06,,15827488
5/9/2017,151.49,152.59,150.21,150.48,,17453860
5/10/2017,150.23,150.52,148.86,150.29,,12080650
5/11/2017,150.31,150.65,149.41,150.04,,11841864
5/12/2017,150.4,150.46,149.63,150.33,,9598229
5/15/2017,150.17,151.48,149.77,150.19,,15064664
5/16/2017,150.11,150.21,149.03,149.78,,14550830
5/17/2017,148,148.67,144.42,144.85,,28300050
5/18/2017,144.72,148.15,144.51,147.66,,23031566
5/19/2017,148.45,149.39,147.96,148.06,,16187892
5/22/2017,148.08,148.59,147.69,148.24,,12586712
5/23/2017,148.52,148.81,147.25,148.07,,12817837
5/24/2017,148.51,150.23,148.42,150.04,,17940668
5/25/2017,150.3,152.59,149.95,151.96,,19891352
5/26/2017,152.23,152.25,151.15,152.13,,14996185
5/30/2017,151.97,152.9,151.64,152.38,,13226007
5/31/2017,152.7,153.35,151.09,151.46,,18023916
6/1/2017,151.75,152.29,150.3,151.53,,14530600
6/2/2017,151.85,153.63,151.3,153.61,,16854364
6/5/2017,153.64,154.71,153.41,153.63,,12520387
6/6/2017,153.41,154.52,152.48,152.81,,13457119
6/7/2017,153.27,153.75,152.34,153.12,,12066657
6/8/2017,154.08,154.73,153.1,154.71,,17799448
6/9/2017,154.77,155.59,146.61,149.6,,35577676
6/12/2017,148.17,149.2,144.56,148.44,,33170180
6/13/2017,150.15,151.18,148.9,150.68,,20483350
6/14/2017,151.26,152.4,149.05,150.25,,20808760
6/15/2017,147.67,150.04,146.37,149.8,,18994152
6/16/2017,149.59,150.83,148.6,150.64,,22882416
6/19/2017,151.71,153.57,151.71,152.87,,19026462
6/20/2017,152.88,153.84,152.21,152.25,,14743853
6/21/2017,152.36,154.08,151.88,153.91,,15039834
6/22/2017,153.01,154.55,152.91,153.4,,13005535
6/23/2017,152.72,155.2,152.65,155.07,,18026976
6/26/2017,156.25,156.5,153.2,153.59,,18049652
6/27/2017,152.84,153.31,150.39,150.58,,19360766
6/28/2017,150.92,153.47,149.86,153.24,,16719104
6/29/2017,152.28,152.5,148.92,151.04,,23973482
6/30/2017,151.9,151.92,150.06,150.98,,17666022
7/3/2017,151.72,152.15,147.8,148.43,,13862735
7/5/2017,149,150.85,148.13,150.34,,14334290
7/6/2017,149.03,150.04,148,148.82,,14951802
7/7/2017,149.25,151.99,149.19,151.44,,13615931
7/10/2017,151.69,153.98,151.51,153.5,,13378672
7/11/2017,153.37,155.42,152.91,155.27,,13667744
7/12/2017,156.49,159.16,156.2,158.9,,22739388
7/13/2017,158.74,159.78,158.42,159.26,,13929236
7/14/2017,160.13,160.32,159.33,159.97,,16371207
7/17/2017,160.25,160.78,158.81,159.73,,12858836
7/18/2017,159.66,163.73,159.42,162.86,,23722910
7/19/2017,163.59,165.7,163.17,164.14,,26273642
7/20/2017,164.8,165,162.81,164.53,,18523108
7/21/2017,164.16,165.05,163.75,164.43,,14744002
7/24/2017,164.64,166.17,164.31,166,,17366972
7/25/2017,165.01,165.54,163.86,165.28,,15383241
7/26/2017,166.01,166.01,164.1,165.61,,35236868
7/27/2017,174.7,175.49,167.5,170.44,,68910704
7/28/2017,169.07,173.43,169.05,172.45,,24557552
7/31/2017,172,172.72,168.55,169.25,,25478944
8/1/2017,169.82,170.47,169.05,169.86,,14384957
8/2/2017,170.3,170.55,166.91,169.3,,17433774
8/3/2017,169.3,169.7,168.25,168.59,,10793841
8/4/2017,168.97,170.06,168.69,169.62,,10777727
8/7/2017,169.95,172.06,169.66,171.98,,12787844
8/8/2017,171.88,173.05,170.62,171.23,,14393524
8/9/2017,169.98,171.45,169.56,171.18,,10814984
8/10/2017,170.06,170.59,166.85,167.4,,20832746
8/11/2017,167.95,168.82,166.85,168.08,,13791153
8/14/2017,170.09,171.08,169.29,170.75,,12954231
8/15/2017,171.49,171.5,170.01,171,,8729172
8/16/2017,171.25,171.38,169.24,170,,15779924
8/17/2017,169.34,169.86,166.85,166.91,,17216030
8/18/2017,166.84,168.67,166.21,167.41,,15093638
8/21/2017,167.16,168,165.82,167.78,,11907488
8/22/2017,168.28,169.87,167.15,169.64,,11390975
8/23/2017,168.84,169.36,168.2,168.71,,9856473
8/24/2017,168.88,169.29,166.41,167.74,,14030420
8/25/2017,167.86,168.38,166.18,166.32,,12614477
8/28/2017,166.91,167.7,166.33,167.24,,8553741
8/29/2017,165.25,168.43,165,168.05,,11120986
8/30/2017,168.17,170.18,167.63,169.92,,11138293
8/31/2017,170.4,172.15,170.06,171.97,,17226464
9/1/2017,172.4,172.91,171.31,172.02,,11677589
9/5/2017,171.27,172.39,169.55,170.72,,13221127
9/6/2017,170.91,172.48,169.57,172.09,,13906342
9/7/2017,171.94,173.31,170.27,173.21,,18049528
9/8/2017,173.09,173.49,170.8,170.95,,10998459
9/11/2017,172.4,173.89,172.2,173.51,,12372040
9/12/2017,173.76,174,171.75,172.96,,11186328
9/13/2017,173.01,173.17,172.06,173.05,,9119295
9/14/2017,172.26,172.28,170.5,170.96,,15615654
9/15/2017,170.88,172.34,170.26,171.64,,15660539
9/18/2017,171.99,172.07,169.34,170.01,,12954013
9/19/2017,170.62,172.56,170.36,172.52,,13168595
9/20/2017,172.5,173.05,170.7,172.17,,12264125
9/21/2017,171.69,172.27,170.01,171.11,,11161412
9/22/2017,170.21,171.73,169.22,170.54,,12097138
9/25/2017,169.24,169.3,161.56,162.87,,41251584
9/26/2017,164.5,165.5,162.78,164.21,,23363336
9/27/2017,165.9,168.34,165.57,167.68,,19242548
9/28/2017,167.94,169.07,167.16,168.73,,12178747
9/29/2017,168.83,171.66,168.81,170.87,,15340366
10/2/2017,171.39,171.87,168.75,169.47,,13392280
10/3/2017,169.3,170.73,169.2,169.96,,8190273
10/4/2017,169.83,170.67,168.29,168.42,,12127887
10/5/2017,169.18,171.31,168.6,171.24,,14580628
10/6/2017,170.25,172.37,169.75,172.23,,13124473
10/9/2017,172.7,174.88,172,172.5,,14570413
10/10/2017,173,173.2,170.8,171.59,,11341081
10/11/2017,171.95,172.78,171.4,172.74,,11283663
10/12/2017,172.61,173.85,172.29,172.55,,10351044
10/13/2017,173.45,174.65,173.2,173.74,,13658307
10/16/2017,174.49,175,174.06,174.52,,11498752
10/17/2017,174.71,176.13,174.36,176.11,,15990079
10/18/2017,176.65,176.74,175.75,176.03,,12752351
10/19/2017,174.93,176.03,172.63,174.56,,14048350
10/20/2017,175.5,175.88,174.63,174.98,,12602238
10/23/2017,175.2,175.34,171.25,171.27,,13852658
10/24/2017,172.3,173.24,171.5,171.8,,12267913
10/25/2017,171.9,172.25,168.89,170.6,,15868197
10/26/2017,171.38,172.29,170.39,170.63,,11833141
10/27/2017,174.15,178.21,173.9,177.88,,30285280
10/30/2017,179.26,180.69,177.61,179.87,,24353160
10/31/2017,180.57,180.8,178.94,180.06,,20174232
11/1/2017,182.36,182.9,180.57,182.66,,40918340
11/2/2017,180.63,181.94,177.34,178.92,,35529892
11/3/2017,179.29,179.86,176.71,178.92,,17822132
11/6/2017,178.56,180.45,178.31,180.17,,13312741
11/7/2017,180.5,180.75,178.96,180.25,,12928182
11/8/2017,179.79,180.35,179.11,179.56,,10494149
11/9/2017,178.31,179.4,177.09,179.3,,12610335
11/10/2017,178.35,179.1,177.96,178.46,,11070189
11/13/2017,177.5,179.04,177.3,178.77,,9523447
11/14/2017,178.13,178.97,177.18,178.07,,9585868
11/15/2017,176.66,178.57,176.4,177.95,,10253667
11/16/2017,178.76,179.83,178.5,179.59,,15607582
11/17/2017,179.3,179.98,178.9,179,,13017980
11/20/2017,178.87,179.5,178.1,178.74,,10052391
11/21/2017,179.15,181.89,178.99,181.86,,14503990
11/22/2017,181.3,181.73,180.44,180.87,,10376329
11/24/2017,180.4,183.15,180.29,182.78,,9426283
11/27/2017,182.56,183.73,181.99,183.03,,12344516
11/28/2017,183.51,184.25,182.09,182.42,,14379674
11/29/2017,181.89,181.97,174,175.13,,41933484
11/30/2017,176.85,178.27,175.2,177.18,,25307600
12/1/2017,176.03,177.48,172.34,175.1,,20182524
12/4/2017,176.29,176.57,170.79,171.47,,24459422
12/5/2017,170.45,175.38,169.01,172.83,,20184908
12/6/2017,172.5,176.77,171.9,176.06,,20255846
12/7/2017,175.8,180.39,175.8,180.14,,20404532
12/8/2017,181.53,182.28,178.74,179,,19883764
12/11/2017,179.3,180.22,178.8,179.04,,13168575
12/12/2017,178.6,179.18,176.6,176.96,,16854098
12/13/2017,177.3,179.16,177.25,178.3,,14615718
12/14/2017,178.29,180.36,177.68,178.39,,13590999
12/15/2017,179.02,180.49,178.36,180.18,,28463100
12/18/2017,181.01,181.3,179.75,180.82,,17265376
12/19/2017,179.95,180.08,178.22,179.51,,14920582
12/20/2017,179.81,179.81,177.36,177.89,,11860497
12/21/2017,177.94,178.68,177.05,177.45,,11600700
12/22/2017,177.14,177.53,176.23,177.2,,8509451
12/26/2017,176.63,177,174.67,175.99,,8897286
12/27/2017,176.55,178.44,176.26,177.62,,9496071
12/28/2017,177.95,178.94,177.68,177.92,,12220760
12/29/2017,178,178.85,176.46,176.46,,10261456
1/2/2018,177.68,181.58,177.55,181.42,,18151904
1/3/2018,181.88,184.78,181.33,184.67,,16886564
1/4/2018,184.9,186.21,184.1,184.33,,13880896
1/5/2018,185.59,186.9,184.93,186.85,,13574535
1/8/2018,187.2,188.9,186.33,188.28,,17994726
1/9/2018,188.7,188.8,187.1,187.87,,12393057
1/10/2018,186.94,187.89,185.63,187.84,,10529894
1/11/2018,188.4,188.4,187.38,187.77,,9588587
1/12/2018,178.06,181.48,177.4,179.37,,77551296
1/16/2018,181.5,181.75,178.04,178.39,,36183840
1/17/2018,179.26,179.32,175.8,177.6,,27992376
1/18/2018,178.13,180.98,177.08,179.8,,23304900
1/19/2018,180.85,182.37,180.17,181.29,,26826540
1/22/2018,180.8,185.39,180.41,185.37,,21059464
1/23/2018,186.05,189.55,185.55,189.35,,25678780
1/24/2018,189.89,190.66,186.52,186.55,,24334548
1/25/2018,187.95,188.62,186.6,187.48,,17377740
1/26/2018,187.75,190,186.81,190,,17759212
1/29/2018,188.75,188.84,185.63,185.98,,20453172
1/30/2018,183.01,188.18,181.84,187.12,,20858556
1/31/2018,188.37,189.83,185.22,186.89,,43275144
2/1/2018,188.22,195.32,187.89,193.09,,54211292
2/2/2018,192.04,194.21,189.98,190.28,,26677484
2/5/2018,186.93,190.61,180.61,181.26,,33128206
2/6/2018,178.57,185.77,177.74,185.31,,37758504
2/7/2018,184.15,185.08,179.95,180.18,,27601886
2/8/2018,181.01,181.84,171.48,171.58,,38478320
2/9/2018,174.76,176.9,167.18,176.11,,39887624
2/12/2018,177.06,177.54,171.84,176.41,,32092132
2/13/2018,175.62,175.97,173.1,173.15,,21809350
2/14/2018,173.45,179.81,173.21,179.52,,28929704
2/15/2018,180.5,180.5,176.84,179.96,,20922120
2/16/2018,178.99,179.88,176.3,177.36,,21015610
2/20/2018,175.77,177.95,175.11,176.01,,21204920
2/21/2018,176.71,181.27,176.4,177.91,,23200804
2/22/2018,178.7,180.21,177.41,178.99,,18464192
2/23/2018,179.9,183.39,179.51,183.29,,19007288
2/26/2018,184.58,185.66,183.22,184.93,,17599704
2/27/2018,184.45,184.7,181.46,181.46,,15849806
2/28/2018,182.3,182.88,178.14,178.32,,18783040
3/1/2018,179.01,180.12,174.41,175.94,,23201626
3/2/2018,173.29,177.11,172.99,176.62,,20025904
3/5/2018,176.2,181.15,175.89,180.4,,16189280
3/6/2018,181.78,182.38,179.11,179.78,,15086784
3/7/2018,178.74,183.82,178.07,183.71,,19097292
3/8/2018,183.56,184.4,181.45,182.34,,17225946
3/9/2018,183.91,185.51,183.21,185.23,,18526292
3/12/2018,185.23,186.1,184.22,184.76,,15301229
3/13/2018,185.61,185.99,181.11,181.88,,18067476
3/14/2018,182.6,184.25,181.85,184.19,,16821728
3/15/2018,183.24,184,182.19,183.86,,15645035
3/16/2018,184.49,185.33,183.41,185.09,,24403438
3/19/2018,177.01,177.17,170.06,172.56,,88140064
3/20/2018,167.47,170.2,161.95,168.15,,129851768
3/21/2018,164.8,173.4,163.3,169.39,,106598832
3/22/2018,166.13,170.27,163.72,164.89,,73742976
3/23/2018,165.44,167.1,159.02,159.39,,53609704
3/26/2018,160.82,161.1,149.02,160.06,,126116632
3/27/2018,156.31,162.85,150.75,152.22,,79116992
3/28/2018,151.65,155.88,150.8,153.03,,60029168
3/29/2018,155.15,161.42,154.14,159.79,,59434292
4/2/2018,157.81,159.2,154.11,155.39,,36795992
4/3/2018,156.55,157.39,150.81,156.11,,42516768
4/4/2018,152.02,155.56,150.51,155.1,,49885584
4/5/2018,161.56,161.57,156.65,159.34,,41449608
4/6/2018,157.73,161.42,156.81,157.2,,41396540
4/9/2018,157.82,160.53,156.04,157.93,,34915228
4/10/2018,157.93,165.98,157.01,165.04,,58947040
4/11/2018,165.36,168.65,163.25,166.32,,56144632
4/12/2018,166.98,167.45,163.1,163.87,,38262956
4/13/2018,164.58,165.7,163.77,164.52,,19990560
4/16/2018,165.72,165.78,163.39,164.83,,18119436
4/17/2018,165.83,169,165.66,168.66,,22743028
4/18/2018,166.88,168.12,165.77,166.36,,20969568
4/19/2018,166.2,168.33,165.2,168.1,,22234960
4/20/2018,167.79,168.43,165.81,166.28,,19119438
4/23/2018,167.27,168.45,165.09,165.84,,23088102
4/24/2018,165.43,166.1,158.19,159.69,,35079928
4/25/2018,160.14,161.06,156.19,159.69,,41083580
4/26/2018,173.22,176.27,170.8,174.16,,77556936
4/27/2018,176.81,177.1,172.6,173.59,,29804656
4/30/2018,173.79,175.72,171.71,172,,20750478
5/1/2018,172,174.02,170.23,173.86,,26025932
5/2/2018,174.25,178.08,174.2,176.07,,30424450
5/3/2018,175.13,176.12,172.12,174.02,,24026072
5/4/2018,173.08,176.98,173.06,176.61,,17677844
5/7/2018,177.35,179.5,177.17,177.97,,18697196
5/8/2018,178.25,179.04,177.11,178.92,,15577211
5/9/2018,179.67,183.01,178.78,182.66,,23282812
5/10/2018,183.15,186.13,182.5,185.53,,21071404
5/11/2018,184.85,188.32,184.18,186.99,,21207848
5/14/2018,187.71,187.86,186.2,186.64,,15646744
5/15/2018,184.88,185.29,183.2,184.32,,15429433
5/16/2018,183.7,184.32,182.66,183.2,,16841264
5/17/2018,182.68,184.06,182.22,183.76,,14840675
5/18/2018,183.49,184.19,182.61,182.68,,13130451
5/21/2018,183.77,185.3,183.13,184.49,,13532864
5/22/2018,184.93,185.42,183.43,183.8,,12731419
5/23/2018,182.5,186.91,182.18,186.9,,16628100
5/24/2018,185.88,186.8,185.03,185.93,,12354742
5/25/2018,186.02,186.33,184.45,184.92,,10703568
5/29/2018,184.34,186.81,183.71,185.74,,16398937
5/30/2018,186.54,188,185.25,187.67,,13736866
5/31/2018,187.87,192.72,187.48,191.78,,30782632
6/1/2018,193.07,194.55,192.07,193.99,,17307244
6/4/2018,191.84,193.98,191.47,193.28,,18939796
6/5/2018,194.3,195,192.62,192.94,,15544294
6/6/2018,191.03,192.53,189.11,191.34,,22558920
6/7/2018,190.75,190.97,186.77,188.18,,21503172
6/8/2018,187.53,189.48,186.43,189.1,,12677092
6/11/2018,188.81,192.6,188.8,191.54,,12928907
6/12/2018,192.17,193.28,191.56,192.4,,11562704
6/13/2018,192.74,194.5,191.91,192.41,,15853821
6/14/2018,193.1,197.28,192.91,196.81,,19120866
6/15/2018,195.79,197.07,194.64,195.85,,21860932
6/18/2018,194.8,199.58,194.13,198.31,,16826024
6/19/2018,196.24,197.96,193.79,197.49,,19993996
6/20/2018,199.1,203.55,198.8,202,,28230932
6/21/2018,202.76,203.39,200.09,201.5,,19045716
6/22/2018,201.16,202.24,199.31,201.74,,17420188
6/25/2018,200,200,193.11,196.35,,25275136
6/26/2018,197.6,199.1,196.23,199,,17897576
6/27/2018,199.18,200.75,195.8,195.84,,18734408
6/28/2018,195.18,197.34,193.26,196.23,,18172440
6/29/2018,197.32,197.6,193.96,194.32,,15811602
7/2/2018,193.37,197.45,192.22,197.36,,13961578
7/3/2018,194.55,195.4,192.52,192.73,,13489514
7/5/2018,194.74,198.65,194.03,198.45,,19684192
7/6/2018,198.45,203.64,197.7,203.23,,19740132
7/9/2018,204.93,205.8,202.12,204.74,,18149436
7/10/2018,204.5,204.91,202.26,203.54,,13190067
7/11/2018,202.22,204.5,201.75,202.54,,12927377
7/12/2018,203.43,207.08,203.19,206.92,,15454706
7/13/2018,207.81,208.43,206.45,207.32,,11421151
